src,tgt
CC(C)(C)[Zn]Br,CC(C)(C)[Zn+]~[Br-]
CC(=O)O[Zn]OC(C)=O,CC(=O)[O-]~CC(=O)[O-]~O~O~[Zn+2]
CC[Zn]CC.Cc1ccccc1,CC[Zn]CC~Cc1ccccc1
O=S1(=O)O[Zn]O1,O=S(=O)([O-])[O-]~[Zn+2]
O=S1(=O)O[Zn]O1,O~O~O~O~O~O~O~O=S1(=O)O[Zn]O1
C1CCOC1.Cl[Zn]Cl,C1CCOC1~Cl[Zn]Cl
Br[Zn]C[Zn]C[Zn]Br.C1CCOC1,Br[Zn]C[Zn]C[Zn]Br~C1CCOC1
CCOCC.Cl[Zn]Cl,CCOCC~Cl[Zn]Cl
CCCCCC.CC[Zn]CC,CCCCCC~CC[Zn]CC
CN(C)CCN(C)C.Cl[Zn]Cl,CN(C)CCN(C)C~[Cl-]~[Cl-]~[Zn+2]
O=C(O[Zn]OC(=O)C(F)(F)F)C(F)(F)F,O~O=C(O[Zn]OC(=O)C(F)(F)F)C(F)(F)F
C[Zn]C.Cc1ccccc1,[CH-]=C/C=C(/C)C(C)=[Zn]~[CH3-]
Cl[Zn]Cl~[BH3-]C#N~[Na+],Cl[Zn]Cl~BC#N~[H-]~[Na+]
Br[Zn]Br~[Li]Br,Br[Zn]Br~[Br-]~[Li+]
O=[N+]([O-])O[Y](O[N+](=O)[O-])O[N+](=O)[O-],O~O~O~O~O~O~O=[N+]([O-])[O-]~O=[N+]([O-])[O-]~O=[N+]([O-])[O-]~[Y+3]
CCCCC(CC)C(=O)O[Sn]OC(=O)C(CC)CCCC,CCCCCCCC(=O)O~[Sn]
CCCCC(CC)C(=O)O[Sn]OC(=O)C(CC)CCCC,CCCCCCCC(=O)[O-]~CCCCCCCC(=O)[O-]~[Sn+2]
O=C1O[Sn]OC1=O,O=C([O-])C(=O)[O-]~[Sn+2]
O=C1O[Sn]2(OC1=O)OC(=O)C(=O)O2,O=C([O-])C(=O)[O-]~O=C([O-])C(=O)[O-]~[Sn+4]
CCCC[Sn](/C=C/OCC)(CCCC)CCCC,CCCC[Sn](C=COCC)(CCCC)CCCC
C/C=C/[Sn](CCCC)(CCCC)CCCC,CC=C[Sn](CCCC)(CCCC)CCCC
C=C[Sn](CCCC)(CCCC)CCCC,CCCCC([Sn])=C(CCCC)CCCC
Cl[Sn]Cl,Cl[Sn]Cl~O
CCCC[Sn](CCCC)(CCCC)c1c(C)nnn1C,[2H]C([2H])([2H])c1nnn(C)c1[Sn](CCCC)(CCCC)CCCC
CCCC[SnH](CCCC)CCCC,CCCC[Sn](CCCC)CCCC
Cl[Sn](Cl)(Cl)Cl,Cl[Sn](Cl)(Cl)Cl~O
CCCC[Sn](/C=C/c1ccccc1)(CCCC)CCCC,CCCC[Sn](C=Cc1ccccc1)(CCCC)CCCC
C=CC[Sn](CCCC)(CCCC)CCCC,CCCCC(=CC([Sn])CCCC)CCCC
Cl[Sn]Cl,O~O~[Cl-]~[Sn+2]
CC(=O)O[Pb]OC(C)=O,CC(=O)[O-]~CC(=O)[O-]~O~O~O~[Pb+2]
O=C1O[Pb]O1,O=C([O-])[O-]~[Pb+2]
C1=N[Pb]N=1,[N-]=C=[N-]~[Pb+2]
O=[N+]([O-])O[Tl](O[N+](=O)[O-])O[N+](=O)[O-],O~O~O~O=[N+]([O-])[O-]~O=[N+]([O-])[O-]~O=[N+]([O-])[O-]~[Tl+3]
c1ccc([P+](c2ccccc2)(c2ccccc2)[Pt-4]([P+](c2ccccc2)(c2ccccc2)c2ccccc2)([P+](c2ccccc2)(c2ccccc2)c2ccccc2)[P+](c2ccccc2)(c2ccccc2)c2ccccc2)cc1,c1ccc([P](c2ccccc2)(c2ccccc2)[Pt]([P](c2ccccc2)(c2ccccc2)c2ccccc2)([P](c2ccccc2)(c2ccccc2)c2ccccc2)[P](c2ccccc2)(c2ccccc2)c2ccccc2)cc1
Cl[Pt-2](Cl)(Cl)(Cl)(Cl)Cl~[H+]~[H+],Cl[Pt](Cl)(Cl)(Cl)(Cl)Cl~[H][H]
O=[Pt]=O,O~O=[Pt]=O
O=[Pt]=O,[Pt]O[Pt]
[Pt]~[S]~[C],[Pt]~[S]
Cl[Pt-2](Cl)(Cl)(Cl)(Cl)Cl~[H+]~[H+],Cl~Cl~Cl[Pt](Cl)(Cl)Cl~O~O~O~O~O~O
Cl[Pt-2](Cl)(Cl)(Cl)(Cl)Cl~[H+]~[H+],Cl[Pt-2](Cl)(Cl)(Cl)(Cl)Cl~O~O~O~O~O~O~[H+]~[H+]
Cl[Pt-2](Cl)(Cl)(Cl)(Cl)Cl~[H+]~[H+],Cl~Cl~Cl[Pt](Cl)(Cl)Cl~O
Cc1cc(C)c(N2CCN(c3c(C)cc(C)cc3C)C2=[Ru-](Cl)(Cl)(=Cc2ccccc2)[P+](C2CCCCC2)(C2CCCCC2)C2CCCCC2)c(C)c1,Cc1cc(C)c(N2CCN(c3c(C)cc(C)cc3C)C2=[Ru](Cl)(Cl)(=Cc2ccccc2)[P](C2CCCCC2)(C2CCCCC2)C2CCCCC2)c(C)c1
Cl[Ru-2](Cl)(=Cc1ccccc1)([P+](C1CCCCC1)(C1CCCCC1)C1CCCCC1)[P+](C1CCCCC1)(C1CCCCC1)C1CCCCC1,Cl[Ru](Cl)(=Cc1ccccc1)([P](C1CCCCC1)(C1CCCCC1)C1CCCCC1)[P](C1CCCCC1)(C1CCCCC1)C1CCCCC1
Cc1cc(C)c(N2CCN(c3c(C)cc(C)cc3C)C2=[Ru-](Cl)(Cl)(=Cc2ccccc2)[P+](C2CCCCC2)(C2CCCCC2)C2CCCCC2)c(C)c1,Cc1cc(C)c(N2CCN(c3c(C)cc(C)cc3C)C2[Ru](Cl)(Cl)(=Cc2ccccc2)[P](C2CCCCC2)(C2CCCCC2)C2CCCCC2)c(C)c1
Cc1cc(C)c(N2CCN(c3c(C)cc(C)cc3C)C2=[Ru-](Cl)(Cl)(=Cc2ccccc2)[P+](C2CCCCC2)(C2CCCCC2)C2CCCCC2)c(C)c1,C1CCC([PH+](C2CCCCC2)C2CCCCC2)CC1~Cc1cc(C)c(N2[CH-]N(c3c(C)cc(C)cc3C)CC2)c(C)c1~Cl[Ru](Cl)=Cc1ccccc1
Cc1ccc(C(C)C)cc1~Cl[Ru]Cl,Cc1ccc(C(C)C)cc1~Cc1ccc(C(C)C)cc1~Cl[Ru]Cl~Cl[Ru]Cl
Cc1ccc(C(C)C)cc1~Cc1ccc(S(=O)(=O)N([Ru]Cl)[C@H](c2ccccc2)[C@H](N)c2ccccc2)cc1,Cc1ccc(C(C)C)cc1~Cc1ccc(S(=O)(=O)[N-][C@H](c2ccccc2)[C@H](N)c2ccccc2)cc1~Cl[Ru+]
Cc1ccc(C(C)C)cc1~Cc1ccc(S(=O)(=O)N([Ru]Cl)[C@@H](c2ccccc2)[C@@H](N)c2ccccc2)cc1,Cc1ccc(C(C)C)cc1~Cc1ccc(S(=O)(=O)[N-][C@@H](c2ccccc2)[C@@H](N)c2ccccc2)cc1~Cl[Ru+]
Cc1cc(C)c(N2CCN(c3c(C)cc(C)cc3C)C2=[Ru](Cl)(Cl)=Cc2cc(Cl)ccc2OC(C)C)c(C)c1,Cc1cc(C)c(N2CCN(c3c(C)cc(C)cc3C)C2[Ru](Cl)(Cl)=Cc2cc(Cl)ccc2OC(C)C)c(C)c1
CC1=C(C)C(C)([Ru-2](Cl)([P+](c2ccccc2)(c2ccccc2)c2ccccc2)[P+](c2ccccc2)(c2ccccc2)c2ccccc2)C(C)=C1C,Cc1c(C)c(C)[c-](C)c1C~Cl[Ru+]~c1ccc(P(c2ccccc2)c2ccccc2)cc1~c1ccc(P(c2ccccc2)c2ccccc2)cc1
CC1=C(C)C(C)([Ru-2](Cl)([P+](c2ccccc2)(c2ccccc2)c2ccccc2)[P+](c2ccccc2)(c2ccccc2)c2ccccc2)C(C)=C1C,C[C]1[C](C)[C](C)[C](C)[C]1C~Cl[Ru]~c1ccc(P(c2ccccc2)c2ccccc2)cc1~c1ccc(P(c2ccccc2)c2ccccc2)cc1
Cc1cc(C)c(N2CCN(c3c(C)cc(C)cc3C)C2=[Ru](Cl)(Cl)=Cc2ccccc2OC(C)C)c(C)c1,CC(C)Oc1ccccc1C=[Ru](Cl)Cl
C1=CCCC=CCC1~CC1=C(C)C(C)([Ru]Cl)C(C)=C1C,C1=CCCC=CCC1~C[C]1[C](C)[C](C)[C](C)[C]1C~Cl[Ru]
Cl[Ru-2]1(Cl)[P+](C2CCCCC2)(C2CCCCC2)(C2CCCCC2)C(c2ccccc2)[P+]1(C1CCCCC1)(C1CCCCC1)C1CCCCC1,Cl[Ru]Cl~c1ccc(C([P+](C2CCCCC2)(C2CCCCC2)C2CCCCC2)[P+](C2CCCCC2)(C2CCCCC2)C2CCCCC2)cc1
Cl[Ru-3](Cl)([P+](c1ccccc1)(c1ccccc1)c1ccccc1)([P+](c1ccccc1)(c1ccccc1)c1ccccc1)[P+](c1ccccc1)(c1ccccc1)c1ccccc1,Cl[Ru](Cl)([P](c1ccccc1)(c1ccccc1)c1ccccc1)([P](c1ccccc1)(c1ccccc1)c1ccccc1)[P](c1ccccc1)(c1ccccc1)c1ccccc1
Cl[Ru-2]1(Cl)[P+](C2CCCCC2)(C2CCCCC2)(C2CCCCC2)C(c2ccccc2)[P+]1(C1CCCCC1)(C1CCCCC1)C1CCCCC1,Cl[Ru]Cl~c1ccc(C([PH](C2CCCCC2)(C2CCCCC2)C2CCCCC2)[PH](C2CCCCC2)(C2CCCCC2)C2CCCCC2)cc1
Cl[Ru]Cl~c1ccccc1,Cl[Ru]Cl~Cl[Ru]Cl~c1ccccc1~c1ccccc1
Cl[Ru-2]1(Cl)[P+](c2ccccc2)(c2ccccc2)c2ccc3ccccc3c2-c2c(ccc3ccccc23)[P+]1(c1ccccc1)c1ccccc1,Cl[Ru]Cl~c1ccc(P(c2ccccc2)c2ccc3ccccc3c2-c2c(P(c3ccccc3)c3ccccc3)ccc3ccccc23)cc1
Cc1cc(C)c(N2CCN(c3c(C)cc(C)cc3C)C2=[Ru-](Cl)(Cl)(=Cc2ccccc2)[P+](C2CCCCC2)(C2CCCCC2)C2CCCCC2)c(C)c1,Cc1cc(C)c(N2CCN(c3c(C)cc(C)cc3C)C2=C2CCC(Cl)(P(C3CCCCC3)C3CCCCC3)C(=Cc3ccccc3)C2Cl)c(C)c1~[Ru]
Cl[Ru](Cl)Cl,Cl[Ru](Cl)Cl~O
O=[Ru]=O,O~O=[Ru]=O
O=C=[Ru](=C=O)(=C=O)=C=O,[C-]#[O+]~[C-]#[O+]~[C-]#[O+]~[C-]#[O+]~[C-]#[O+]~[C-]#[O+]~[C-]#[O+]~[C-]#[O+]~[C-]#[O+]~[C-]#[O+]~[C-]#[O+]~[C-]#[O+]~[Ru]~[Ru]~[Ru]
Cl[Ru](Cl)Cl,Cl[Ru](Cl)Cl~O~O~O
O=[Ru]=O,O~O=[Ru]
O=S1(=O)O[Cu]O1,O=S(=O)([O-])[O-]~[Cu+2]
O=S1(=O)O[Cu]O1,O~O~O~O~O~O=S(=O)([O-])[O-]~[Cu+2]
O=S1(=O)O[Cu]O1,O~O~O~O~O~O=S1(=O)O[Cu]O1
O=S1(=O)O[Cu]O1,O~O=S(=O)([O-])[O-]~[Cu+2]
O=S1(=O)O[Cu]O1,O~O=S1(=O)O[Cu]O1
CC(=O)O[Cu]OC(C)=O,CC(=O)[O-]~CC(=O)[O-]~O~[Cu+2]
CC(=O)O[Cu],CC(=O)[O-]~[Cu+]
CC(=O)O[Cu]OC(C)=O,CC(=O)[O-]~CC(=O)[O-]~O~O~[Cu+2]
CC(=O)O[Cu]OC(C)=O,CC(=O)O[Cu]OC(C)=O~O
O=S(=O)(O[Cu])C(F)(F)F.c1ccccc1,O=S(=O)(O)C(F)(F)F~O=S(=O)(O)C(F)(F)F~[Cu]~[Cu]~c1ccccc1
O=[N+]([O-])O[Cu]O[N+](=O)[O-],O~O~O~O=[N+]([O-])[O-]~O=[N+]([O-])[O-]~[Cu+2]
O=[N+]([O-])O[Cu]O[N+](=O)[O-],O~O~O~O~O~O=[N+]([O-])[O-]~O=[N+]([O-])[O-]~O=[N+]([O-])[O-]~O=[N+]([O-])[O-]~[Cu+2]~[Cu+2]
Br[Cu-3]([P+](c1ccccc1)(c1ccccc1)c1ccccc1)([P+](c1ccccc1)(c1ccccc1)c1ccccc1)[P+](c1ccccc1)(c1ccccc1)c1ccccc1,[Cu]Br~c1ccc(P(c2ccccc2)c2ccccc2)cc1~c1ccc(P(c2ccccc2)c2ccccc2)cc1~c1ccc(P(c2ccccc2)c2ccccc2)cc1
[CuH-][P+](c1ccccc1)(c1ccccc1)c1ccccc1,[Cu]~[Cu]~[Cu]~[Cu]~[Cu]~[Cu]~c1ccc(P(c2ccccc2)c2ccccc2)cc1~c1ccc(P(c2ccccc2)c2ccccc2)cc1~c1ccc(P(c2ccccc2)c2ccccc2)cc1~c1ccc(P(c2ccccc2)c2ccccc2)cc1~c1ccc(P(c2ccccc2)c2ccccc2)cc1~c1ccc(P(c2ccccc2)c2ccccc2)cc1
F[P-](F)(F)(F)(F)F~CC#[N+][Cu-3]([N+]#CC)([N+]#CC)[N+]#CC,CC#N~CC#N~CC#N~CC#N~F[P-](F)(F)(F)(F)F~[Cu+]
O=C1O[Cu]O1,O=C([O-])[O-]~[Cu+2]
[Cu+2]~c1ccc2c(c1)-c1nc-2nc2[n-]c(nc3nc(nc4[n-]c(n1)c1ccccc41)-c1ccccc1-3)c1ccccc21,[Cu]~c1ccc2c(c1)C1=NC2=NC2=NC(=NC3=NC(=NC4=NC(=N1)c1ccccc14)c1ccccc13)c1ccccc12
[Li][Cu](C#N)c1cccs1,[C-]#N~[Cu+]~[Li+]~[c-]1cccs1
[Li][Cu](CCC(C)C)CCC(C)C,CC(C)CC[Cu]CCC(C)C~[Li]
Cl[Cu]Cl,Cl[Cu]Cl~O~O
Cl[Cu]Cl~[Li]Cl~[Li]Cl,Cl[Cu-2](Cl)(Cl)Cl~[Li+]~[Li+]
CSC.[Cu]Br,CSC~[Cu]Br
N#C[Cu].[Li]Cl.[Li]Cl,Cl[Cu-]Cl~[C-]#N~[Li+]~[Li+]
[Li][Cu](C)C,C[Cu]C~[Li]
[Li][Cu](C)C,C[Cu-]C~[Li+]
[Cu]I,[Cu+]~[I+]
O[Cu]O,[Cu+2]~[OH-]~[OH-]
Cl[Cu]Cl,Cl[Cu]Cl~O
Cl[Ta](Cl)(Cl)(Cl)Cl,[Cl-]~[Cl-]~[Cl-]~[Cl-]~[Cl-]~[Ta+5]
CC(=O)O[Co]OC(C)=O,CC(=O)[O-]~CC(=O)[O-]~O~O~O~O~[Co+2]
CC(C)(C)c1cc2c(c(C(C)(C)C)c1)O[Co-2]13Oc4c(cc(C(C)(C)C)cc4C(C)(C)C)C=[N+]1[C@H]1CCCC[C@@H]1[N+]3=C2,CC(C)(C)C1=C/C(=C/N[C@H]2CCCC[C@@H]2N/C=C2/C=C(C(C)(C)C)C=C(C(C)(C)C)C2=O)C(=O)C(C(C)(C)C)=C1~[Co]
CC(C)(C)c1cc2c(c(C(C)(C)C)c1)O[Co-2]13Oc4c(cc(C(C)(C)C)cc4C(C)(C)C)C=[N+]1[C@@H]1CCCC[C@H]1[N+]3=C2,CC(C)(C)c1cc(C=N[C@@H]2CCCC[C@H]2N=Cc2cc(C(C)(C)C)cc(C(C)(C)C)c2[O-])c([O-])c(C(C)(C)C)c1~[Co+2]
O=C=[Co](=C=O)C1C=CC=C1,[C-]#[O+]~[C-]#[O+]~[Co]~c1cc[cH-]c1
C1=N/CC/N=C/c2ccccc2O[Co]Oc2ccccc2/1,[Co+2]~[O-]c1ccccc1C=NCCN=Cc1ccccc1[O-]
O=S1(=O)O[Co]O1,O=S(=O)([O-])[O-]~[Co+2]
O=[N+]([O-])O[Co]O[N+](=O)[O-],O~O~O~O~O~O~O=[N+]([O-])[O-]~O=[N+]([O-])[O-]~[Co+2]
Cl[Co]Cl,Cl[Co]Cl~O~O~O~O~O~O
O=C=[Co](=C=O)(=C=O)=C=O,[C-]#[O+]~[C-]#[O+]~[C-]#[O+]~[C-]#[O+]~[C-]#[O+]~[C-]#[O+]~[CH-]=O~[CH-]=O~[Co+2]~[Co]
C1=CCCC=CCC1~Cl[Rh],C1=CCCC=CCC1~C1=CCCC=CCC1~[Cl-]~[Cl-]~[Rh]~[Rh]
C1=CCCC=CCC1~C1=CCCC=CCC1~F[B-](F)(F)F~[Rh+],C1=CCCC=CCC1~C1=CCCC=CCC1~F[B-](F)(F)F~[Rh]
C1=CCCC=CCC1~C1=CCCC=CCC1~O=S(=O)(O[Rh])C(F)(F)F,C1=CCCC=CCC1~C1=CCCC=CCC1~O=S(=O)([O-])C(F)(F)F~[Rh]
C1=CCCC=CCC1~CC#[N+][Rh-][N+]#CC~F[B-](F)(F)F,C1=CCCC=CCC1~CC#N~CC#N~F[B-](F)(F)F~[Rh]
C1=CCCC=CCC1~C1=CCCC=CCC1~F[P-](F)(F)(F)(F)F~[Rh+],C1=CCCC=CCC1~C1=CCCC=CCC1~F[P-](F)(F)(F)(F)F~[Rh]
C1=CCCC=CCC1~C1=CCCC=CCC1~F[B-](F)(F)F~[Rh+],C1=CCCCCC([Rh+]C2=CC=CCCCC2)=C1~F[B-](F)(F)F
C1=CCCC=CCC1~CC[C@@H]1CC[C@@H](CC)[P+]12[Rh-][P+]1(c3ccccc32)[C@H](CC)CC[C@H]1CC~F[B-](F)(F)F,CC[C@@H]1CC[C@@H](CC)P1c1ccccc1P1[C@H](CC)CC[C@H]1CC~F[B-](F)(F)F~[CH]1[CH]CC[CH][CH]CC1~[Rh]
CC(=O)O[Rh]OC(C)=O,CC(=O)[O-]~CC(=O)[O-]~CC(=O)[O-]~CC(=O)[O-]~[Rh+2]~[Rh+2]
CC(=O)O[Rh]OC(C)=O,CC(=O)O~CC(=O)O~CC(=O)O~CC(=O)O~[Rh]~[Rh]
CC(=O)O[Rh]OC(C)=O,CC(=O)[O-]~CC(=O)[O-]~CC(=O)[O-]~CC(=O)[O-]~[Rh+3]~[Rh+3]
CC(=O)O[Rh]OC(C)=O,CC(=O)[O-]~[Rh+]
C1=CC2C=CC1C2~C1=CC2C=CC1C2~F[B-](F)(F)F~[Rh+],C1=CC2C=CC1C2~C1=CC2C=CC1C2~F[B-](F)(F)F~[Rh]
C=C~C=C~CC(=O)/C=C(/C)O[Rh],C=C~C=C~CC(=O)/C=C(/C)O~[Rh]
CC(=O)/C=C(/C)O[Rh](=C=O)=C=O,CC(=O)/C=C(/C)O~[C-]#[O+]~[C-]#[O+]~[Rh]
CC(=O)/C=C(/C)O[Rh](=C=O)=C=O,CC(=O)/C=C(\C)O~[C-]#[O+]~[C-]#[O+]~[Rh]
Cl[Rh-3]([P+](c1ccccc1)(c1ccccc1)c1ccccc1)([P+](c1ccccc1)(c1ccccc1)c1ccccc1)[P+](c1ccccc1)(c1ccccc1)c1ccccc1,[Cl-]~[Rh]~c1ccc(P(c2ccccc2)c2ccccc2)cc1~c1ccc(P(c2ccccc2)c2ccccc2)cc1~c1ccc(P(c2ccccc2)c2ccccc2)cc1
O=C=[RhH-3]([P+](c1ccccc1)(c1ccccc1)c1ccccc1)([P+](c1ccccc1)(c1ccccc1)c1ccccc1)[P+](c1ccccc1)(c1ccccc1)c1ccccc1,[C-]#[O+]~[Rh]~c1ccc(P(c2ccccc2)c2ccccc2)cc1~c1ccc(P(c2ccccc2)c2ccccc2)cc1~c1ccc(P(c2ccccc2)c2ccccc2)cc1
Cl[Rh-3]([P+](c1ccccc1)(c1ccccc1)c1ccccc1)([P+](c1ccccc1)(c1ccccc1)c1ccccc1)[P+](c1ccccc1)(c1ccccc1)c1ccccc1,Cl[Rh](Cl)Cl~c1ccc(P(c2ccccc2)c2ccccc2)cc1~c1ccc(P(c2ccccc2)c2ccccc2)cc1~c1ccc(P(c2ccccc2)c2ccccc2)cc1
CC1(C)Cc2cccc(c2)CC(C)(C)C(=O)O[Rh]OC1=O,CC(C)(Cc1cccc(CC(C)(C)C(=O)[O-])c1)C(=O)[O-]~CC(C)(Cc1cccc(CC(C)(C)C(=O)[O-])c1)C(=O)[O-]~[Rh+2]~[Rh+2]
CC1(C)Cc2cccc(c2)CC(C)(C)C(=O)O[Rh]OC1=O,CC(C)(Cc1cccc(CC(C)(C)C(=O)O)c1)C(=O)O~CC(C)(Cc1cccc(CC(C)(C)C(=O)O)c1)C(=O)O~[Rh]~[Rh]
CCCCCCCC(=O)O[Rh]OC(=O)CCCCCCC,CCCCCCCC(=O)O~CCCCCCCC(=O)O~CCCCCCCC(=O)O~CCCCCCCC(=O)O~[Rh]~[Rh]
CC(=O)O[Rh]OC(C)=O,CC1O[Rh-3]234([OH2+])#[Rh-3]([OH2+])(OC(C)[O+]2)(OC(C)[O+]3)([O+]1)[O+]C(C)O4
Cl[Rh-3]([P+](c1ccccc1)(c1ccccc1)c1ccccc1)([P+](c1ccccc1)(c1ccccc1)c1ccccc1)[P+](c1ccccc1)(c1ccccc1)c1ccccc1,Cl[Rh]([P](c1ccccc1)(c1ccccc1)c1ccccc1)([P](c1ccccc1)(c1ccccc1)c1ccccc1)[P](c1ccccc1)(c1ccccc1)c1ccccc1
CC(C)[P+]1(C(C)C)N2CCN3CCN4CCN5C4C(C32)[Rh-2]1(Cl)[P+]5(C(C)C)C(C)C,CC(C)[P]1(C(C)C)N2CCN3CCN4CCN5C4C(C32)[Rh]1(Cl)[P]5(C(C)C)C(C)C
O=C1CCCCCN1[Rh]N1CCCCCC1=O,O=C1CCCCCN1~O=C1CCCCCN1~O=C1CCCCCN1~O=C1CCCCCN1~[Rh]~[Rh]
Cl[Rh-2]12C3C4N(CCN5CCN(C35)[P+]1(c1ccccc1)c1ccccc1)CCN4[P+]2(c1ccccc1)c1ccccc1,Cl[Rh]12C3C4N(CCN5CCN(C35)[P]1(c1ccccc1)c1ccccc1)CCN4[P]2(c1ccccc1)c1ccccc1
C1=CCCC=CCC1~Cl[Rh],ClC1=CC=CCCCC1~[Rh+]
CCCCCCCCCCCCc1ccc(S(=O)(=O)N2CCC[C@H]2C(=O)O[Rh]OC(=O)[C@@H]2CCCN2S(=O)(=O)c2ccc(CCCCCCCCCCCC)cc2)cc1,CCCCCCCCCCCCc1ccc(S(=O)(=O)N2CCC[C@H]2C(=O)O)cc1~CCCCCCCCCCCCc1ccc(S(=O)(=O)N2CCC[C@H]2C(=O)O)cc1~CCCCCCCCCCCCc1ccc(S(=O)(=O)N2CCC[C@H]2C(=O)O)cc1~CCCCCCCCCCCCc1ccc(S(=O)(=O)N2CCC[C@H]2C(=O)O)cc1~[Rh]~[Rh]
CC1=C(C)C(C)([Rh](Cl)Cl)C(C)=C1C,C[C]1[C](C)[C](C)[C](C)[C]1C~C[C]1[C](C)[C](C)[C](C)[C]1C~Cl[Rh]Cl~Cl[Rh]Cl
C=C~C=C~Cl[Rh],C=C~C=C~C=C~C=C~[Cl-]~[Cl-]~[Rh]~[Rh]
O=C=[Rh]1(=C=O)[Rh](=C=O)(=C=O)(=C=O)[Rh]1(=C=O)(=C=O)=C=O,[C-]#[O+]~[C-]#[O+]~[C-]#[O+]~[C-]#[O+]~[C-]#[O+]~[C-]#[O+]~[C-]#[O+]~[C-]#[O+]~[C-]#[O+]~[C-]#[O+]~[C-]#[O+]~[C-]#[O+]~[C-]#[O+]~[C-]#[O+]~[C-]#[O+]~[C-]#[O+]~[Rh]~[Rh]~[Rh]~[Rh]~[Rh]~[Rh]
Cl[Rh](Cl)Cl,Cl[Rh](Cl)Cl~O~O~O
O=C=[Rh](=C=O)=C=O,[C-]#[O+]~[C-]#[O+]~[C-]#[O+]~[C-]#[O+]~[C-]#[O+]~[C-]#[O+]~[C-]#[O+]~[C-]#[O+]~[C-]#[O+]~[C-]#[O+]~[C-]#[O+]~[C-]#[O+]~[Rh]~[Rh]~[Rh]~[Rh]
[C]~[Rh],C~[Rh]
Cl[Rh](Cl)Cl,Cl[Rh](Cl)Cl~O
CC(C)C[AlH]CC(C)C.Cc1ccccc1,CC(C)C[AlH]CC(C)C~Cc1ccccc1
CC(C)C[AlH]CC(C)C.CCCCCC,CC(C)C[AlH]CC(C)C~CCCCCC
C1CCOC1.CC(C)C[AlH]CC(C)C,C1CCOC1~CC(C)C[AlH]CC(C)C
CC(C)C[AlH]CC(C)C,CC(C)C[AlH]CC(C)C~CC(C)C[AlH]CC(C)C
CC(C)C[AlH2-]CC(C)C~[Li+],CC(C)C[AlH]CC(C)C~[Li]
CC(C)(C)O[AlH-](OC(C)(C)C)OC(C)(C)C~[Li+],CC(C)(C)O[Al-](OC(C)(C)C)OC(C)(C)C~[Li+]
COCCO[AlH2-]OCCOC~[Na+].Cc1ccccc1,COCCO[AlH]OCCOC~Cc1ccccc1~[Na]
C[Al](C)C.Cc1ccccc1,C[Al](C)C~Cc1ccccc1
C1CCOC1.[AlH4-]~[Li+],C1CCOC1~[AlH4-]~[Li+]
CCCCCC.C[Al](C)C,CCCCCC~C[Al](C)C
O=[Si]=O~O=[Si]=O~O=[Si]=O~O=[Al]O[Al]=O~O=[Al]O[Al]=O,[Al+3]~[Al+3]~[Al+3]~[Al+3]~[O-][Si]([O-])([O-])[O-]~[O-][Si]([O-])([O-])[O-]~[O-][Si]([O-])([O-])[O-]
O=S1(=O)O[Al](OS(=O)(=O)O[Al]2OS(=O)(=O)O2)O1,O=S(=O)([O-])[O-]~O=S(=O)([O-])[O-]~O=S(=O)([O-])[O-]~[Al+3]~[Al+3]
C[Al](C)NCC(F)(F)F,C[Al+]C~[NH-]CC(F)(F)F
[AlH3],[Al+3]~[H-]~[H-]~[H-]
[F-]~[K+]~O=[Al]O[Al]=O,O=[Al]O[Al]=O~[F-]~[K+]
[AlH4-]~[Li+],[Al+3]~[Al+3]~[H-]~[H-]~[H-]~[H-]~[H-]~[H-]~[H-]~[H-]~[Li+]~[Li+]
[AlH4-]~[Li+],[AlH4-]~[AlH4-]~[Li+]~[Li+]
Cl[Al](Cl)Cl,Cl[Al](Cl)Cl~Cl[Al](Cl)Cl
O[Al-](O)(O)O~[Li+],[Al+3]~[Li+]~[OH-]~[OH-]~[OH-]~[OH-]
Cl[Al](Cl)Cl,Cl[Al](Cl)Cl~O~O~O~O~O~O
O=[Al]O[Al]=O,O=[Al](=O)=O
[AlH4-]~[Li+],[AlH4-]~[AlH4-]~[AlH4-]~[Li+]~[Li+]~[Li+]
O=[Cr]1O[Cu]O1,O=[Cr]([O-])[O-]~[Cu+2]
CC(C)(C)O.O=[Os](=O)(=O)=O,CC(C)(C)O~O=[Os](=O)(=O)=O
O=[Os](=O)(O[K])O[K],O~O~O=[Os-2](=O)(O)(O)(O)O~[K+]~[K+]
O=[Os](=O)(O[K])O[K],O=[Os-2](=O)(O)(O)(O)O~[K+]~[K+]
O=[Os](=O)(O[K])O[K],O~O~O=[Os](=O)([O-])[O-]~[K+]~[K+]
O=[Os](=O)(=O)=O,O~O=[Os](=O)(=O)=O
CC[C@H]1CN2CC[C@H]1C[C@H]2[C@H](Oc1nnc(O[C@H](c2ccnc3ccc(OC)cc23)[C@@H]2C[C@@H]3CCN2C[C@@H]3CC)c2ccccc12)c1ccnc2ccc(OC)cc12~N#C[Fe-3](C#N)(C#N)(C#N)(C#N)C#N~O=C(O[K])O[K]~O=[Os](=O)(O[K])O[K]~[K+]~[K+]~[K+],CC[C@H]1CN2CC[C@H]1C[C@H]2[C@H](Oc1nnc(O[C@H](c2ccnc3ccc(OC)cc23)[C@@H]2C[C@@H]3CCN2C[C@@H]3CC)c2ccccc12)c1ccnc2ccc(OC)cc12~N#C[Fe-3](C#N)(C#N)(C#N)(C#N)C#N~O=C([O-])[O-]~O=[Os-2](=O)(O)(O)(O)O~[K+]~[K+]~[K+]~[K+]~[K+]~[K+]~[K+]
CC[C@H]1CN2CC[C@H]1C[C@@H]2[C@@H](Oc1nnc(O[C@@H](c2ccnc3ccc(OC)cc23)[C@H]2C[C@@H]3CCN2C[C@@H]3CC)c2ccccc12)c1ccnc2ccc(OC)cc12~N#C[Fe-3](C#N)(C#N)(C#N)(C#N)C#N~O=C(O[K])O[K]~O=[Os](=O)(O[K])O[K]~[K+]~[K+]~[K+],CC[C@H]1CN2CC[C@H]1C[C@@H]2[C@@H](Oc1nnc(O[C@@H](c2ccnc3ccc(OC)cc23)[C@H]2C[C@@H]3CCN2C[C@@H]3CC)c2ccccc12)c1ccnc2ccc(OC)cc12~N#C[Fe-3](C#N)(C#N)(C#N)(C#N)C#N~O=C([O-])[O-]~O=[Os-2](=O)(O)(O)(O)O~[K+]~[K+]~[K+]~[K+]~[K+]~[K+]~[K+]
CC[C@H]1CN2CC[C@H]1C[C@H]2[C@H](Oc1nnc(O[C@H](c2ccnc3ccc(OC)cc23)[C@@H]2C[C@@H]3CCN2C[C@@H]3CC)c2ccccc12)c1ccnc2ccc(OC)cc12~N#C[Fe-3](C#N)(C#N)(C#N)(C#N)C#N~O=C(O[K])O[K]~O=[Os](=O)(O[K])O[K]~[K+]~[K+]~[K+],CC[C@H]1CN2CC[C@H]1C[C@H]2[C@H](Oc1nnc(O[C@H](c2ccnc3ccc(OC)cc23)[C@H]2C[C@H]3CCN2C[C@@H]3CC)c2ccccc12)c1ccnc2ccc(OC)cc12~N#C[Fe-3](C#N)(C#N)(C#N)(C#N)C#N~O=C([O-])[O-]~O=[Os-2](=O)(O)(O)(O)O~[K+]~[K+]~[K+]~[K+]~[K+]~[K+]~[K+]
CC[C@H]1CN2CC[C@H]1C[C@@H]2[C@@H](Oc1nnc(O[C@@H](c2ccnc3ccc(OC)cc23)[C@H]2C[C@@H]3CCN2C[C@@H]3CC)c2ccccc12)c1ccnc2ccc(OC)cc12~N#C[Fe-3](C#N)(C#N)(C#N)(C#N)C#N~O=C(O[K])O[K]~O=[Os](=O)(O[K])O[K]~[K+]~[K+]~[K+],CC[C@H]1CN2CC[C@H]1C[C@@H]2[C@@H](Oc1nnc(O[C@@H](c2ccnc3ccc(OC)cc23)[C@H]2C[C@H]3CCN2C[C@@H]3CC)c2ccccc12)c1ccnc2ccc(OC)cc12~N#C[Fe-3](C#N)(C#N)(C#N)(C#N)C#N~O=C([O-])[O-]~O=[Os-2](=O)(O)(O)(O)O~[K+]~[K+]~[K+]~[K+]~[K+]~[K+]~[K+]
O=[Mo](=O)([O-])O~[NH4+],N~N~N~N~N~N~O~O~O~O~O=[Mo](=O)(O)O~O=[Mo](=O)(O)O~O=[Mo](=O)(O)O~O=[Mo](=O)=O~O=[Mo](=O)=O~O=[Mo](=O)=O~O=[Mo](=O)=O
O=[Mo]1(=O)O[Ce](O[Mo](=O)(=O)O[Ce]2O[Mo](=O)(=O)O2)O1,O=[Mo](=O)([O-])[O-]~O=[Mo](=O)([O-])[O-]~O=[Mo](=O)([O-])[O-]~[Ce+3]~[Ce+3]
O=C=[Mo](=C=O)(=C=O)(=C=O)(=C=O)=C=O,[C]=O~[Mo]
O=[Mo](=O)(O[Na])O[Na],O=[Mo](=O)([O-])[O-]~[Na+]~[Na+]
CC(C)O[Ti](OC(C)C)(OC(C)C)OC(C)C,CC(C)[O-]~CC(C)[O-]~CC(C)[O-]~CC(C)[O-]~CC(C)[O-]~CC(C)[O-]~[Ti+6]
CCCCO[Ti](OCCCC)(OCCCC)OCCCC,CCCC[O-]~CCCC[O-]~CCCC[O-]~CCCC[O-]~[Ti+4]
CCCCO[Ti](OCCCC)(OCCCC)OCCCC,CCCCO~CCCCO~CCCCO~CCCCO~[Ti]
CC(C)(C)O[Ti](OC(C)(C)C)(OC(C)(C)C)OC(C)(C)C,CC(C)(C)[O-]~CC(C)(C)[O-]~CC(C)(C)[O-]~CC(C)(C)[O-]~[Ti+4]
CO[Ti](OC)(OC)C1(C)C(C)=C(C)C(C)=C1C,CC1=C(C)C(C)([Ti+3])C(C)=C1C~C[O-]~C[O-]~C[O-]
CCO[Ti](OCC)(OCC)OCC,CC[O-]~CC[O-]~CC[O-]~CC[O-]~[Ti+4]
ClCCl.Cl[Ti](Cl)(Cl)Cl,ClCCl~Cl[Ti](Cl)(Cl)Cl
[Pd]~[Pb]~O=C1O[Ca]O1,CC(=O)[O-]~CC(=O)[O-]~[Pb+2]~[Pd]
O=S1(=O)O[Mn]O1,O=S(=O)([O-])[O-]~[Mn+2]
O=S1(=O)O[Mn]O1,O~O~O~O~O=S1(=O)O[Mn]O1
O=S1(=O)O[Mn]O1,O~O~O~O~O~O~O~O=S1(=O)O[Mn]O1
O=S1(=O)O[Mn]O1,O~O~O~O~O~O=S(=O)([O-])[O-]~[Mn+2]
CC(=O)O[Mn]OC(C)=O,CC(=O)[O-]~CC(=O)[O-]~O~O~O~O~[Mn+2]
CC(=O)O[Mn](OC(C)=O)OC(C)=O,CC(=O)[O-]~CC(=O)[O-]~CC(=O)[O-]~O~O~[Mn+3]
CC(C)(C)C(=O)/C=C(\O[Mn](O/C(=C\C(=O)C(C)(C)C)C(C)(C)C)O/C(=C\C(=O)C(C)(C)C)C(C)(C)C)C(C)(C)C,CC(C)(C)C(=O)/C=C(\O)C(C)(C)C~CC(C)(C)C(=O)/C=C(\O)C(C)(C)C~CC(C)(C)C(=O)/C=C(\O)C(C)(C)C~[Mn]
O=[Mn](=O)(=O)O[K],O=[Mn](=O)(=O)[O-]~[K+]
O=[Mn](=O)(=O)O[Na],O=[Mn](=O)(=O)[O-]~[Na+]
O=[Mn]1(=O)O[Ba]O1,O=[Mn](=O)([O-])[O-]~[Ba+2]
O=[Mn]=O,O=[Mn]=O~O=[Mn]=O
Cl[Mn]Cl,Cl[Mn]Cl~O~O~O~O
O=[Mn](=O)(=O)O[Na],O~O=[Mn](=O)(=O)[O-]~[Na+]
CC(=O)O[Hg]OC(C)=O,CC(=O)[O-]~[Hg+]
O=S1(=O)O[Hg]O1,O=S(=O)([O-])[O-]~[Hg+2]
O=S1(=O)O[Hg][Hg]O1,O=S(=O)([O-])[O-]~[Hg+]~[Hg+]
[Na][Hg],[Hg]~[Na]
CC[Hg]Sc1ccccc1C(=O)O[Na],CC[Hg]Sc1ccccc1C(=O)[O-]~[Na+]
O=S1(=O)O[Fe]O1,O~O~O~O~O~O~O~O=S(=O)([O-])[O-]~[Fe+2]
O=S1(=O)O[Fe]O1,O=S(=O)([O-])[O-]~[Fe+2]
O=S1(=O)O[Fe]O1,O~O~O~O~O~O~O~O=S1(=O)O[Fe]O1
O=S1(=O)O[Fe](OS(=O)(=O)O[Fe]2OS(=O)(=O)O2)O1,O=S(=O)([O-])[O-]~O=S(=O)([O-])[O-]~O=S(=O)([O-])[O-]~[Fe+3]~[Fe+3]
O=[N+]([O-])O[Fe](O[N+](=O)[O-])O[N+](=O)[O-],O~O~O~O~O~O~O~O~O~O=[N+]([O-])[O-]~O=[N+]([O-])[O-]~O=[N+]([O-])[O-]~[Fe+3]
O=C1CC2(O)CC(=O)O[Fe](O1)OC2=O,O=C([O-])CC(O)(CC(=O)[O-])C(=O)[O-]~[Fe+3]
[O-][Cl+3]([O-])([O-])O[Fe](O[Cl+3]([O-])([O-])[O-])O[Cl+3]([O-])([O-])[O-],[Fe+3]~[O-][Cl+3]([O-])([O-])[O-]~[O-][Cl+3]([O-])([O-])[O-]~[O-][Cl+3]([O-])([O-])[O-]
Cl[Fe](Cl)Cl,Cl[Fe](Cl)Cl~O~O~O~O~O~O
Cl[Fe](Cl)Cl,O~O~O~O~O~O~[Cl-]~[Cl-]~[Cl-]~[Fe+3]
N#C[Fe-4](C#N)(C#N)(C#N)(C#N)C#N~[K+]~[K+]~[K+]~[K+],O~O~O~[C-]#N~[C-]#N~[C-]#N~[C-]#N~[C-]#N~[C-]#N~[Fe+2]~[K+]~[K+]~[K+]~[K+]
N#C[Fe-4](C#N)(C#N)(C#N)(C#N)C#N~[K+]~[K+]~[K+]~[K+],N#C[Fe-4](C#N)(C#N)(C#N)(C#N)C#N~O~O~O~[K+]~[K+]~[K+]~[K+]
Cl[Fe]Cl,Cl[Fe]Cl~O~O~O~O
F[Fe](F)F,F[Fe](F)F~O~O~O
Cl[Fe]Cl,Cl[Fe]Cl~O~O~O~O~O~O
C[Al-]1(C)C[Ti](C2C=CC=C2)(C2C=CC=C2)[Cl+]1,C[Al+]C~[CH3-]~[Cl-]~[Ti+3]~c1cc[cH-]c1~c1cc[cH-]c1
C[Al-]1(C)C[Ti](C2C=CC=C2)(C2C=CC=C2)[Cl+]1,C[Al]C~[CH3-]~[Cl-]~[Ti+4]~c1cc[cH-]c1~c1cc[cH-]c1
CC(=O)/C=C(/C)O[Ni]O/C(C)=C\C(C)=O,CC(=O)C=C(C)[O-]~CC(=O)C=C(C)[O-]~[Ni+2]
CC(=O)/C=C(/C)O[Ni]O/C(C)=C\C(C)=O,CC(=O)C=C(C)[O-]~[Ni+2]
CC(=O)O[Ni]OC(C)=O,CC(=O)[O-]~CC(=O)[O-]~O~O~O~O~[Ni+2]
C[O+]1CC[O+](C)[Ni-2]1(Cl)Cl,COCCOC~Cl[Ni]Cl
C[O+]1CC[O+](C)[Ni-2]1(Br)Br,Br[Ni]Br~COCCOC
c1ccc([P]([Ni][P](c2ccccc2)(c2ccccc2)c2ccccc2)(c2ccccc2)c2ccccc2)cc1,[Ni]~c1ccc(P(c2ccccc2)c2ccccc2)cc1~c1ccc(P(c2ccccc2)c2ccccc2)cc1
Cl[Ni-2](Cl)([P+](C1CCCCC1)(C1CCCCC1)C1CCCCC1)[P+](C1CCCCC1)(C1CCCCC1)C1CCCCC1,C1CCC(P(C2CCCCC2)C2CCCCC2)CC1~C1CCC(P(C2CCCCC2)C2CCCCC2)CC1~Cl[Ni]Cl
O=S1(=O)O[Ni]O1,O=S(=O)([O-])[O-]~[Ni+2]
Cl[Ni]Cl,Cl[Ni]Cl~O~O~O~O~O~O
[Ni][B][Ni],[B-]~[B-]~[Ni+2]
O1O[Ni]1,[Ni+2]~[O-][O-]
Cl[Ni]Cl,Cl[Ni]Cl~O
N#C[Ni-2](C#N)(C#N)C#N~[K+]~[K+],[C-]#N~[C-]#N~[C-]#N~[C-]#N~[K+]~[K+]~[Ni+2]
O=P(O[W]1(=O)(=O)O[W]2(=O)(O[W](=O)(=O)O2)O1)(O[W]1(=O)(=O)O[W]2(=O)(O[W](=O)(=O)O2)O1)O[W]1(=O)(=O)O[W]2(=O)(O[W](=O)(=O)O2)O1,O~O=P(O)(O)O~O=[W](=O)=O~O=[W](=O)=O~O=[W](=O)=O~O=[W](=O)=O~O=[W](=O)=O~O=[W](=O)=O~O=[W](=O)=O~O=[W](=O)=O~O=[W](=O)=O~O=[W](=O)=O~O=[W](=O)=O~O=[W](=O)=O
O=P(O[W]1(=O)(=O)O[W]2(=O)(O[W](=O)(O)O2)O1)(O[W]1(=O)(=O)O[W]2(=O)(O[W](=O)(O)O2)O1)O[W]1(=O)(=O)O[W]2(=O)(O[W](=O)(O)O2)O1,O=P(O)(O)O~O=[W](=O)=O~O=[W](=O)=O~O=[W](=O)=O~O=[W](=O)=O~O=[W](=O)=O~O=[W](=O)=O~O=[W](=O)=O~O=[W](=O)=O~O=[W](=O)=O~O=[W](=O)=O~O=[W](=O)=O~O=[W](=O)=O
O=[W](=O)(O[Na])O[Na],O~O~O=[W](=O)([O-])[O-]~[Na+]~[Na+]
O=[W](=O)(O[Na])O[Na],O=[W](=O)([O-])[O-]~[Na+]~[Na+]
O=P(O[W]1(=O)(=O)O[W]2(=O)(O[W](=O)(O)O2)O1)(O[W]1(=O)(=O)O[W]2(=O)(O[W](=O)(O)O2)O1)O[W]1(=O)(=O)O[W]2(=O)(O[W](=O)(O)O2)O1,O~O~O~O~O~O~O~O~O~O~O~O~O~O~O~O~O~O~O~O~O~O~O~O~O~O~O~O~O~O~O~O~O~O~O~O~O~O~O~O~P~[W]~[W]~[W]~[W]~[W]~[W]~[W]~[W]~[W]~[W]~[W]~[W]
O=[W](=O)(O[Na])O[Na],O~O=[W](=O)([O-])[O-]~[Na+]~[Na+]
[Ag]O[Ag],O=[Ag-]
CC1=C(C)C(C)([Ir](Cl)N(C(=O)c2ccccn2)c2ccc(N(C)C)cc2)C(C)=C1C,CN(C)c1ccc([N-]C(=O)c2ccccn2)cc1~Cc1c(C)c(C)[c-](C)c1C~Cl[Ir+2]
C1=CCCC=CCC1~[Ir]Cl,ClC1=CCCC=CCC1~[Ir+]
C1=CCCCCCC1~C1=CCCCCCC1~Cl[Ir],C1=CCCCCCC1~C1=CCCCCCC1~C1=CCCCCCC1~C1=CCCCCCC1~[Cl-]~[Cl-]~[Ir]~[Ir]
CC(=O)O[Bi](OC(C)=O)(c1ccc(C)cc1)(c1ccc(C)cc1)c1ccc(C)cc1,CC(=O)O~CC(=O)O~Cc1ccc([Bi](c2ccc(C)cc2)c2ccc(C)cc2)cc1
O=C1O[Bi](c2ccccc2)(c2ccccc2)(c2ccccc2)O1,O=C(O)O~c1ccc([Bi](c2ccccc2)c2ccccc2)cc1
C1=CC([Fe]C2(P(c3ccccc3)c3ccccc3)C=CC=C2)(P(c2ccccc2)c2ccccc2)C=C1~Cl[Pd]Cl.ClCCl,ClCCl~Cl[Pd]Cl~[Fe+2]~c1ccc(P(c2ccccc2)[c-]2cccc2)cc1~c1ccc(P(c2ccccc2)[c-]2cccc2)cc1
C1=CC([Fe]C2(P(c3ccccc3)c3ccccc3)C=CC=C2)(P(c2ccccc2)c2ccccc2)C=C1~Cl[Pd]Cl.ClCCl,ClCCl~Clc1cc[c-](P(c2ccccc2)c2ccccc2)c1Cl~[Fe+2]~[Pd+2]~c1ccc(P(c2ccccc2)[c-]2cccc2)cc1
C1=CC([Fe]C2(P(c3ccccc3)c3ccccc3)C=CC=C2)(P(c2ccccc2)c2ccccc2)C=C1~Cl[Pd]Cl,[Cl-]~[Cl-]~[Fe+2]~[Pd+2]~c1cc[cH-]c1~c1ccc(P(c2ccccc2)[c-]2cccc2)cc1
C1=CC([Fe]C2(P(c3ccccc3)c3ccccc3)C=CC=C2)(P(c2ccccc2)c2ccccc2)C=C1~Cl[Pd]Cl.ClCCl,ClCCl~Clc1cc[c-](P(c2ccccc2)c2ccccc2)c1Cl~[Cl-]~[Cl-]~[Fe+2]~[Pd+2]~c1ccc(P(c2ccccc2)[c-]2cccc2)cc1
C1=CC([Fe]C2(P(c3ccccc3)c3ccccc3)C=CC=C2)(P(c2ccccc2)c2ccccc2)C=C1~Cl[Pd]Cl.ClCCl,ClCCl~Cl[Pd]Cl~[CH]1[CH][CH][C]([PH+](c2ccccc2)c2ccccc2)[CH]1~[CH]1[CH][CH][C]([PH+](c2ccccc2)c2ccccc2)[CH]1~[Fe]
C1=CC([Fe]C2(P(c3ccccc3)c3ccccc3)C=CC=C2)(P(c2ccccc2)c2ccccc2)C=C1~Cl[Pd]Cl.ClCCl,ClCCl~Cl[Pd]Cl~[CH]1[CH][CH][C](P(c2ccccc2)c2ccccc2)[CH]1~[CH]1[CH][CH][C](P(c2ccccc2)c2ccccc2)[CH]1~[CH]1[CH][CH][C](P(c2ccccc2)c2ccccc2)[CH]1~[CH]1[CH][CH][C](P(c2ccccc2)c2ccccc2)[CH]1~[Fe]~[Fe]
C1=CC([Fe]C2(P(c3ccccc3)c3ccccc3)C=CC=C2)(P(c2ccccc2)c2ccccc2)C=C1~Cl[Pd]Cl.ClC(Cl)Cl,ClC(Cl)Cl~[CH]1[CH][CH][C](P(c2ccccc2)c2ccccc2)[CH]1~[CH]1[CH][CH][C](P(c2ccccc2)c2ccccc2)[CH]1~[CH]1[CH][CH][C](P(c2ccccc2)c2ccccc2)[CH]1~[CH]1[CH][CH][C](P(c2ccccc2)c2ccccc2)[CH]1~[Fe]~[Fe]~[Pd]
C1=CC([Fe]C2(P(c3ccccc3)c3ccccc3)C=CC=C2)(P(c2ccccc2)c2ccccc2)C=C1~Cl[Pd]Cl.ClCCl,ClCCl~[CH]1[CH][CH][C](P(c2ccccc2)c2ccccc2)[CH]1~[CH]1[CH][CH][C](P(c2ccccc2)c2ccccc2)[CH]1~[CH]1[CH][CH][C](P(c2ccccc2)c2ccccc2)[CH]1~[CH]1[CH][CH][C](P(c2ccccc2)c2ccccc2)[CH]1~[Fe]~[Fe]~[Pd]
CC(C)(C)P(C(C)(C)C)C1([Fe]C2(P(C(C)(C)C)C(C)(C)C)C=CC=C2)C=CC=C1~Cl[Pd]Cl,CC(C)(C)P([c-]1cccc1)C(C)(C)C~CC(C)(C)P([c-]1cccc1)C(C)(C)C~Cl[Pd]Cl~[Fe+2]
CC(C)(C)P(C(C)(C)C)C1([Fe]C2(P(C(C)(C)C)C(C)(C)C)C=CC=C2)C=CC=C1~Cl[Pd]Cl,CC(C)(C)P(c1ccc[cH-]1)C(C)(C)C~CC(C)(C)P(c1ccc[cH-]1)C(C)(C)C~[Cl-]~[Cl-]~[Fe+2]~[Pd+2]
CC(C)(C)P(C(C)(C)C)C1([Fe]C2(P(C(C)(C)C)C(C)(C)C)C=CC=C2)C=CC=C1~Cl[Pd]Cl,CC(C)(C)P([c-]1ccc(Cl)c1Cl)C(C)(C)C~CC(C)(C)P([c-]1cccc1)C(C)(C)C~[Fe+2]~[Pd+2]
CC(C)(C)P(C(C)(C)C)C1([Fe]C2(P(C(C)(C)C)C(C)(C)C)C=CC=C2)C=CC=C1~Cl[Pd]Cl,CC(C)(C)P(c1ccc[cH-]1)C(C)(C)C~CC(C)(C)P(c1ccc[cH-]1)C(C)(C)C~Cl[Pd]Cl~[Fe+2]
C1=CC([Fe]C2(P(c3ccccc3)c3ccccc3)C=CC=C2)(P(c2ccccc2)c2ccccc2)C=C1~Cl[Pd]Cl,Cl[Pd]Cl~[Fe]~c1ccc(P(c2ccccc2)C2CCCC2)cc1~c1ccc(P(c2ccccc2)C2CCCC2)cc1
C1=CC([Fe]C2(P(c3ccccc3)c3ccccc3)C=CC=C2)(P(c2ccccc2)c2ccccc2)C=C1~Cl[Pd]Cl.ClCCl,ClCCl~Cl[Pd]Cl~[Fe]~c1ccc(P(c2ccccc2)C2CCCC2)cc1~c1ccc(P(c2ccccc2)C2CCCC2)cc1
CC(C)(C)P(C(C)(C)C)C1([Fe]C2(P(C(C)(C)C)C(C)(C)C)C=CC=C2)C=CC=C1~Cl[Pd]Cl,CC(C)(C)P([C]1[CH][CH][CH][CH]1)C(C)(C)C~CC(C)(C)P([C]1[CH][CH][CH][CH]1)C(C)(C)C~Cl[Pd]Cl~[Fe]
CC(C)(C)P(C(C)(C)C)C1([Fe]C2(P(C(C)(C)C)C(C)(C)C)C=CC=C2)C=CC=C1~Cl[Pd]Cl,CC(C)(C)[P](c1cc[cH-]c1)(C(C)(C)C)[Pd](Cl)(Cl)[P](c1cc[cH-]c1)(C(C)(C)C)C(C)(C)C~[Fe+2]
O=C(/C=C/c1ccccc1)/C=C/c1ccccc1~O=C(/C=C/c1ccccc1)/C=C/c1ccccc1~O=C(/C=C/c1ccccc1)/C=C/c1ccccc1~[Pd]~[Pd],O=C(C=Cc1ccccc1)C=Cc1ccccc1~O=C(C=Cc1ccccc1)C=Cc1ccccc1~O=C(C=Cc1ccccc1)C=Cc1ccccc1~[Pd]~[Pd]
ClC(Cl)Cl.O=C(/C=C/c1ccccc1)/C=C/c1ccccc1~O=C(/C=C/c1ccccc1)/C=C/c1ccccc1~O=C(/C=C/c1ccccc1)/C=C/c1ccccc1~[Pd]~[Pd],ClC(Cl)Cl~O=C(/C=C/c1ccccc1)/C=C/c1ccccc1~O=C(/C=C/c1ccccc1)/C=C/c1ccccc1~O=C(/C=C/c1ccccc1)/C=C/c1ccccc1~[Pd]~[Pd]
O=C(/C=C/c1ccccc1)/C=C/c1ccccc1~O=C(/C=C/c1ccccc1)/C=C/c1ccccc1~[Pd],O=C(C=Cc1ccccc1)C=Cc1ccccc1~O=C(C=Cc1ccccc1)C=Cc1ccccc1~[Pd]
O=C(/C=C/c1ccccc1)/C=C/c1ccccc1~O=C(/C=C/c1ccccc1)/C=C/c1ccccc1~O=C(/C=C/c1ccccc1)/C=C/c1ccccc1~[Pd]~[Pd],O=C(/C=C/c1ccccc1)/C=C/c1ccccc1~O=C(/C=C/c1ccccc1)/C=C/c1ccccc1~[Pd]~[Pd]
O=C(/C=C/c1ccccc1)/C=C/c1ccccc1~O=C(/C=C/c1ccccc1)/C=C/c1ccccc1~O=C(/C=C/c1ccccc1)/C=C/c1ccccc1~[Pd]~[Pd],O=C(C=Cc1ccccc1)C=Cc1ccccc1~O=C(C=Cc1ccccc1)C=Cc1ccccc1~O=C(C=Cc1ccccc1)C=Cc1ccccc1~[Pd]
O=C(/C=C/c1ccccc1)/C=C/c1ccccc1~O=C(/C=C/c1ccccc1)/C=C/c1ccccc1~O=C(/C=C/c1ccccc1)/C=C/c1ccccc1~[Pd]~[Pd],O=C(C=Cc1ccccc1)C=Cc1ccccc1~[Pd]
O=C(/C=C/c1ccccc1)/C=C/c1ccccc1~O=C(/C=C/c1ccccc1)/C=C/c1ccccc1~O=C(/C=C/c1ccccc1)/C=C/c1ccccc1~[Pd]~[Pd],O=C(/C=C/c1ccccc1)/C=C/c1ccccc1~[Pd]
O=C(/C=C/c1ccccc1)/C=C/c1ccccc1~O=C(/C=C/c1ccccc1)/C=C/c1ccccc1~O=C(/C=C/c1ccccc1)/C=C/c1ccccc1~[Pd]~[Pd],O=C(C=Cc1ccccc1)C=Cc1ccccc1~O=C(C=Cc1ccccc1)C=Cc1ccccc1~[Pd]~[Pd]
ClC(Cl)Cl.O=C(/C=C/c1ccccc1)/C=C/c1ccccc1~O=C(/C=C/c1ccccc1)/C=C/c1ccccc1~O=C(/C=C/c1ccccc1)/C=C/c1ccccc1~[Pd]~[Pd],ClC(Cl)Cl~O=C(C=Cc1ccccc1)C=Cc1ccccc1~O=C(C=Cc1ccccc1)C=Cc1ccccc1~O=C(C=Cc1ccccc1)C=Cc1ccccc1~[Pd]~[Pd]
ClC(Cl)Cl.O=C(/C=C/c1ccccc1)/C=C/c1ccccc1~O=C(/C=C/c1ccccc1)/C=C/c1ccccc1~[Pd],ClC(Cl)Cl~O=C(/C=C/c1ccccc1)/C=C/c1ccccc1~O=C(/C=C/c1ccccc1)/C=C/c1ccccc1~[Pd]
O=C(/C=C/c1ccccc1)/C=C/c1ccccc1~O=C(/C=C/c1ccccc1)/C=C/c1ccccc1~O=C(/C=C/c1ccccc1)/C=C/c1ccccc1~[Pd]~[Pd],O=C(C=Cc1ccccc1)C=Cc1ccccc1~O=C(C=Cc1ccccc1)C=Cc1ccccc1~O=C(C=Cc1ccccc1)C=Cc1ccccc1~[Pd+2]
ClC(Cl)Cl.O=C(/C=C/c1ccccc1)/C=C/c1ccccc1~O=C(/C=C/c1ccccc1)/C=C/c1ccccc1~O=C(/C=C/c1ccccc1)/C=C/c1ccccc1~[Pd]~[Pd],ClC(Cl)Cl~O=C(/C=C\c1ccccc1)/C=C/c1ccccc1~O=C(/C=C\c1ccccc1)/C=C\c1ccccc1~O=C(/C=C\c1ccccc1)/C=C\c1ccccc1~[Pd]~[Pd]
O=C(/C=C/c1ccccc1)/C=C/c1ccccc1~O=C(/C=C/c1ccccc1)/C=C/c1ccccc1~O=C(/C=C/c1ccccc1)/C=C/c1ccccc1~[Pd]~[Pd],O=C1C(=Cc2ccccc2)[Pd]2C(=Cc3ccccc3)C(=O)C(=Cc3ccccc3)[Pd](C1=Cc1ccccc1)C(=Cc1ccccc1)C(=O)C2=Cc1ccccc1
CC(=O)O[Pd]Cc1ccccc1P(c1ccccc1C)c1ccccc1C,CC(=O)O~CC(=O)O~[CH2-]c1ccccc1P(c1ccccc1C)c1ccccc1C~[CH2-]c1ccccc1P(c1ccccc1C)c1ccccc1C~[Pd]~[Pd]
CC(=O)O[Pd]c1ccccc1-c1ccccc1P(C(C)(C)C)C(C)(C)C,CC(=O)O~CC(C)(C)P(c1ccccc1-c1[c-]cccc1)C(C)(C)C~[Pd]
CC(=O)O[Pd-2](OC(C)=O)([P+](c1ccccc1)(c1ccccc1)c1ccccc1)[P+](c1ccccc1)(c1ccccc1)c1ccccc1,CC(=O)O[Pd](OC(C)=O)([P](c1ccccc1)(c1ccccc1)c1ccccc1)[P](c1ccccc1)(c1ccccc1)c1ccccc1
CC(=O)O[Pd-2](OC(C)=O)([P+](c1ccccc1)(c1ccccc1)c1ccccc1)[P+](c1ccccc1)(c1ccccc1)c1ccccc1,CC(=O)[O-]~CC(=O)[O-]~[Pd+2]~c1ccc(P(c2ccccc2)c2ccccc2)cc1~c1ccc(P(c2ccccc2)c2ccccc2)cc1
CC(=O)O[Pd]OC(C)=O,CC(=O)[O-]~[Pd+]
CC(=O)O[Pd]OC(C)=O,CC(=O)O~[Pd]
CC(C)c1cc(C(C)C)c(-c2cccc([P+](C3CCCCC3)(C3CCCCC3)[Pd-](Cl)c3ccccc3-c3ccccc3N)c2)c(C(C)C)c1,CC(C)c1cc(C(C)C)c(-c2cccc(P(C3CCCCC3)C3CCCCC3)c2)c(C(C)C)c1~Cl[Pd+]~Nc1ccccc1-c1[c-]cccc1
CC(C)c1cc(C(C)C)c(-c2cccc([P+](C3CCCCC3)(C3CCCCC3)[Pd-](Cl)c3ccccc3-c3ccccc3N)c2)c(C(C)C)c1,CC(C)c1cc(C(C)C)c(-c2cccc(P(C3CCCCC3)C3CCCCC3)c2)c(C(C)C)c1~CC(C)c1cc(C(C)C)c(-c2ccccc2P(C2CCCCC2)C2CCCCC2)c(C(C)C)c1~Cl[Pd+]~Cl[Pd+]~Nc1ccccc1-c1[c-]cccc1~Nc1ccccc1-c1[c-]cccc1
CC(C)c1cc(C(C)C)c(-c2cccc([P+](C3CCCCC3)(C3CCCCC3)[Pd-](OS(C)(=O)=O)c3ccccc3-c3ccccc3N)c2)c(C(C)C)c1,CC(C)Oc1cccc(OC(C)C)c1-c1ccccc1P(C1CCCCC1)C1CCCCC1~CS(=O)(=O)O~Nc1ccccc1-c1[c-]cccc1~[Pd]
CC(C)c1cc(C(C)C)c(-c2cccc([P+](C3CCCCC3)(C3CCCCC3)[Pd-](OS(C)(=O)=O)c3ccccc3-c3ccccc3N)c2)c(C(C)C)c1,CC(C)c1cc(C(C)C)c(-c2ccccc2P(C2CCCCC2)C2CCCCC2)c(C(C)C)c1~CS(=O)(=O)[O-]~Nc1ccccc1-c1[c-]cccc1~[Pd+2]
COc1cccc(OC)c1-c1ccccc1[P+](C1CCCCC1)(C1CCCCC1)[Pd-](Cl)c1ccccc1-c1ccccc1N,COc1cccc(OC)c1-c1ccccc1P(C1CCCCC1)C1CCCCC1~Cl[Pd+]~Nc1ccccc1-c1[c-]cccc1
CC(C)Oc1cccc(OC(C)C)c1-c1ccccc1[P+](C1CCCCC1)(C1CCCCC1)[Pd-](Cl)c1ccccc1-c1ccccc1N,CC(C)Oc1cccc(OC(C)C)c1-c1ccccc1P(C1CCCCC1)C1CCCCC1~Cl[Pd+]~Nc1ccccc1-c1[c-]cccc1
COc1ccc(OC)c([P+]([Pd-](OS(C)(=O)=O)c2ccccc2-c2ccccc2N)(C(C)(C)C)C(C)(C)C)c1-c1c(C(C)C)cc(C(C)C)cc1C(C)C,COc1ccc(OC)c(P(C(C)(C)C)C(C)(C)C)c1-c1c(C(C)C)cc(C(C)C)cc1C(C)C~CS(=O)(=O)O~Nc1ccccc1-c1[c-]cccc1~[Pd]
COc1ccc(OC)c([P+](C2CCCCC2)(C2CCCCC2)[Pd-](OS(C)(=O)=O)c2ccccc2-c2ccccc2N)c1-c1c(C(C)C)cc(C(C)C)cc1C(C)C,COc1ccc(OC)c(P(C2CCCCC2)C2CCCCC2)c1-c1c(C(C)C)cc(C(C)C)cc1C(C)C~CS(=O)(=O)O~Nc1ccccc1-c1[c-]cccc1~[Pd]
COc1ccc(C)c(-c2c(C(C)C)cc(C(C)C)cc2C(C)C)c1[P+]([Pd-](OS(C)(=O)=O)c1ccccc1-c1ccccc1N)(C(C)(C)C)C(C)(C)C,COc1ccc(C)c(-c2c(C(C)C)cc(C(C)C)cc2C(C)C)c1P(C(C)(C)C)C(C)(C)C~CS(=O)(=O)O~Nc1ccccc1-c1[c-]cccc1~[Pd]
CC1(C)c2cccc3c2Oc2c1cccc2[P+](c1ccccc1)(c1ccccc1)[Pd-2](OS(C)(=O)=O)(c1ccccc1-c1ccccc1N)[P+]3(c1ccccc1)c1ccccc1,CC1(C)c2cccc(P(c3ccccc3)c3ccccc3)c2Oc2c(P(c3ccccc3)c3ccccc3)cccc21~CS(=O)(=O)O~Nc1ccccc1-c1[c-]cccc1~[Pd]
CC(C)c1cc(C(C)C)c(-c2ccccc2[P+]([Pd-](OS(C)(=O)=O)c2ccccc2-c2ccccc2N)(C(C)(C)C)C(C)(C)C)c(C(C)C)c1,CC(C)c1cc(C(C)C)c(-c2ccccc2P(C(C)(C)C)C(C)(C)C)c(C(C)C)c1~CS(=O)(=O)O~Nc1ccccc1-c1[c-]cccc1~[Pd]
CC(C)(C)[P+]([Pd-](Cl)c1ccccc1-c1ccccc1N)(C(C)(C)C)C(C)(C)C,CC(C)(C)P(C(C)(C)C)C(C)(C)C~Nc1ccccc1-c1[c-]cccc1~[Cl-]~[Pd+2]
CCCC[P+]([Pd-](Cl)c1ccccc1-c1ccccc1N)(C12CC3CC(CC(C3)C1)C2)C12CC3CC(CC(C3)C1)C2,CCCCP(C12CC3CC(CC(C3)C1)C2)C12CC3CC(CC(C3)C1)C2~Cl[Pd+]~Nc1ccccc1-c1[c-]cccc1
COc1cccc(OC)c1-c1ccccc1[P+](C1CCCCC1)(C1CCCCC1)[Pd-](OS(C)(=O)=O)c1ccccc1-c1ccccc1N,COc1cccc(OC)c1-c1ccccc1P(C1CCCCC1)C1CCCCC1~CS(=O)(=O)O~ClCCl~Nc1ccccc1-c1[c-]cccc1~[Pd]
c1ccc([P+](c2ccccc2)(c2ccccc2)[Pd-4]([P+](c2ccccc2)(c2ccccc2)c2ccccc2)([P+](c2ccccc2)(c2ccccc2)c2ccccc2)[P+](c2ccccc2)(c2ccccc2)c2ccccc2)cc1,c1ccc([P](c2ccccc2)(c2ccccc2)[Pd]([P](c2ccccc2)(c2ccccc2)c2ccccc2)([P](c2ccccc2)(c2ccccc2)c2ccccc2)[P](c2ccccc2)(c2ccccc2)c2ccccc2)cc1
Cl[Pd-2](Cl)([P+](c1ccccc1)(c1ccccc1)c1ccccc1)[P+](c1ccccc1)(c1ccccc1)c1ccccc1,Cl[Pd](Cl)([P](c1ccccc1)(c1ccccc1)c1ccccc1)[P](c1ccccc1)(c1ccccc1)c1ccccc1
Cl[Pd-2](Cl)([P+](c1ccccc1)(c1ccccc1)c1ccccc1)[P+](c1ccccc1)(c1ccccc1)c1ccccc1,c1ccc([P]([Pd][P](c2ccccc2)(c2ccccc2)c2ccccc2)(c2ccccc2)c2ccccc2)cc1
c1ccc([P+](c2ccccc2)(c2ccccc2)[Pd-4]([P+](c2ccccc2)(c2ccccc2)c2ccccc2)([P+](c2ccccc2)(c2ccccc2)c2ccccc2)[P+](c2ccccc2)(c2ccccc2)c2ccccc2)cc1,[Pd]~c1ccc([P](c2ccccc2)(c2ccccc2)[Pd]([P](c2ccccc2)(c2ccccc2)c2ccccc2)([P](c2ccccc2)(c2ccccc2)c2ccccc2)[P](c2ccccc2)(c2ccccc2)c2ccccc2)cc1
c1ccc([P+](c2ccccc2)(c2ccccc2)[Pd-4]([P+](c2ccccc2)(c2ccccc2)c2ccccc2)([P+](c2ccccc2)(c2ccccc2)c2ccccc2)[P+](c2ccccc2)(c2ccccc2)c2ccccc2)cc1,c1ccc(P(c2ccccc2)c2ccccc2)cc1~c1ccc([P](c2ccccc2)(c2ccccc2)[Pd]([P](c2ccccc2)(c2ccccc2)c2ccccc2)([P](c2ccccc2)(c2ccccc2)c2ccccc2)[P](c2ccccc2)(c2ccccc2)c2ccccc2)cc1
c1ccc([P+](c2ccccc2)(c2ccccc2)[Pd-4]([P+](c2ccccc2)(c2ccccc2)c2ccccc2)([P+](c2ccccc2)(c2ccccc2)c2ccccc2)[P+](c2ccccc2)(c2ccccc2)c2ccccc2)cc1,[Pd]~c1ccc(P(c2ccccc2)c2ccccc2)cc1~c1ccc([P](c2ccccc2)(c2ccccc2)[Pd]([P](c2ccccc2)(c2ccccc2)c2ccccc2)([P](c2ccccc2)(c2ccccc2)c2ccccc2)[P](c2ccccc2)(c2ccccc2)c2ccccc2)cc1
c1ccc([P+](c2ccccc2)(c2ccccc2)[Pd-4]([P+](c2ccccc2)(c2ccccc2)c2ccccc2)([P+](c2ccccc2)(c2ccccc2)c2ccccc2)[P+](c2ccccc2)(c2ccccc2)c2ccccc2)cc1,c1ccc(-c2cccc(-c3ccccc3)c2)cc1~c1ccc([P](c2ccccc2)(c2ccccc2)[Pd]([P](c2ccccc2)(c2ccccc2)c2ccccc2)([P](c2ccccc2)(c2ccccc2)c2ccccc2)[P](c2ccccc2)(c2ccccc2)c2ccccc2)cc1
c1ccc([P+](c2ccccc2)(c2ccccc2)[Pd-4]([P+](c2ccccc2)(c2ccccc2)c2ccccc2)([P+](c2ccccc2)(c2ccccc2)c2ccccc2)[P+](c2ccccc2)(c2ccccc2)c2ccccc2)cc1,N#N~c1ccc([P](c2ccccc2)(c2ccccc2)[Pd]([P](c2ccccc2)(c2ccccc2)c2ccccc2)([P](c2ccccc2)(c2ccccc2)c2ccccc2)[P](c2ccccc2)(c2ccccc2)c2ccccc2)cc1
Cl[Pd-2](Cl)([P+](c1ccccc1)(c1ccccc1)c1ccccc1)[P+](c1ccccc1)(c1ccccc1)c1ccccc1,Cl[Pd](Cl)([P](c1ccccc1)(c1ccccc1)c1ccccc1)[P](c1ccccc1)(c1ccccc1)c1ccccc1~[Pd]
Cl[Pd](Cl)([P](c1ccccc1)(c1ccccc1)c1ccccc1)[P](c1ccccc1)(c1ccccc1)c1ccccc1,[Pd]~c1ccc(P(c2ccccc2)c2ccccc2)cc1~c1ccc(P(c2ccccc2)c2ccccc2)cc1
Cl[Pd-2](Cc1ccccc1)([P+](c1ccccc1)(c1ccccc1)c1ccccc1)[P+](c1ccccc1)(c1ccccc1)c1ccccc1,Cl[Pd+]~[CH2-]c1ccccc1~c1ccc(P(c2ccccc2)c2ccccc2)cc1~c1ccc(P(c2ccccc2)c2ccccc2)cc1
c1ccc([P+](c2ccccc2)(c2ccccc2)[Pd-4]([P+](c2ccccc2)(c2ccccc2)c2ccccc2)([P+](c2ccccc2)(c2ccccc2)c2ccccc2)[P+](c2ccccc2)(c2ccccc2)c2ccccc2)cc1,[Pd]~[Pd]~[Pd]~[Pd]~c1ccc(P(c2ccccc2)c2ccccc2)cc1
CC(C)c1cc(C(C)C)c(-c2ccccc2[P+](C2CCCCC2)(C2CCCCC2)[Pd-](Cl)c2ccccc2CCN)c(C(C)C)c1,CC(C)c1cc(C(C)C)c(-c2ccccc2P(C2CCCCC2)C2CCCCC2)c(C(C)C)c1~Cl[Pd+]~NCCc1[c-]cccc1
CC(C)c1cc(C(C)C)c(-c2ccccc2[P+](C2CCCCC2)(C2CCCCC2)[Pd-](Cl)c2ccccc2-c2ccccc2N)c(C(C)C)c1,CC(C)c1cc(C(C)C)c(-c2ccccc2P(C2CCCCC2)C2CCCCC2)c(C(C)C)c1~Nc1ccccc1-c1ccccc1[Pd]Cl
CC(C)c1cc(C(C)C)c(-c2ccccc2[P+](C2CCCCC2)(C2CCCCC2)[Pd-](OS(C)(=O)=O)c2ccccc2-c2ccccc2N)c(C(C)C)c1,CC(C)c1cc(C(C)C)c(-c2ccccc2P(C2CCCCC2)C2CCCCC2)c(C(C)C)c1~[Pd]
COc1ccc(OC)c([P+](C2CCCCC2)(C2CCCCC2)[Pd-](Cl)c2ccccc2CCN)c1-c1c(C(C)C)cc(C(C)C)cc1C(C)C,COc1ccc(OC)c(P(C2CCCCC2)C2CCCCC2)c1-c1c(C(C)C)cc(C(C)C)cc1C(C)C~Cl[Pd+]~NCCc1[c-]cccc1
CC(C)Oc1cccc(OC(C)C)c1-c1ccccc1[P+](C1CCCCC1)(C1CCCCC1)[Pd-](Cl)c1ccccc1CCN.COC(C)(C)C,CC(C)Oc1cccc(OC(C)C)c1-c1ccccc1P(C1CCCCC1)C1CCCCC1~COC(C)(C)C~Cl[Pd+]~NCCc1[c-]cccc1
COC(C)(C)C.COc1cccc(OC)c1-c1ccccc1[P+](C1CCCCC1)(C1CCCCC1)[Pd-](Cl)c1ccccc1CCN,COC(C)(C)C~COc1cccc(OC)c1-c1ccccc1P(C1CCCCC1)C1CCCCC1~Cl[Pd+]~NCCc1[c-]cccc1
CC(C)c1cc(C(C)C)c(-c2ccccc2[P+]([Pd-](Cl)c2ccccc2CCN)(C(C)(C)C)C(C)(C)C)c(C(C)C)c1,CC(C)c1cc(C(C)C)c(-c2ccccc2P(C(C)(C)C)C(C)(C)C)c(C(C)C)c1~Cl[Pd+]~NCCc1[c-]cccc1
COc1cccc(OC)c1-c1ccccc1[P+](C1CCCCC1)(C1CCCCC1)[Pd-](Cl)c1ccccc1CCN.ClCCl,COc1cccc(OC)c1-c1ccccc1P(C1CCCCC1)C1CCCCC1~ClCCl~NCCc1c[c-]ccc1~[Cl-]~[Pd+2]
CC(C)Oc1cccc(OC(C)C)c1-c1ccccc1[P+](C1CCCCC1)(C1CCCCC1)[Pd-](Cl)c1ccccc1CCN.COC(C)(C)C,CC(C)Oc1cccc(OC(C)C)c1-c1ccccc1P(C1CCCCC1)C1CCCCC1~COC(C)(C)C~NCCc1[c-]cccc1~[Cl-]~[Pd+2]
CC(C)Oc1cccc(OC(C)C)c1-c1ccccc1[P+](C1CCCCC1)(C1CCCCC1)[Pd-](Cl)c1ccccc1-c1ccccc1N,CC(C)Oc1cccc(OC(C)C)c1-c1ccccc1P(C1CCCCC1)C1CCCCC1~Nc1ccccc1-c1ccccc1[Pd]Cl
CN(C)c1ccc([P+](C(C)(C)C)(C(C)(C)C)[Pd-2](Cl)(Cl)[P+](c2ccc(N(C)C)cc2)(C(C)(C)C)C(C)(C)C)cc1,CN(C)c1ccc(P(C(C)(C)C)C(C)(C)C)cc1~CN(C)c1ccc(P(C(C)(C)C)C(C)(C)C)cc1~Cl[Pd]Cl
CN(C)c1ccc([P+](C(C)(C)C)(C(C)(C)C)[Pd-2](Cl)(Cl)[P+](c2ccc(N(C)C)cc2)(C(C)(C)C)C(C)(C)C)cc1,CN(C)c1ccc(P(C(C)(C)C)C(C)(C)C)cc1~Cl[Pd]Cl
CN(C)c1ccc([P+](C(C)(C)C)(C(C)(C)C)[Pd-2](Cl)(Cl)[P+](c2ccc(N(C)C)cc2)(C(C)(C)C)C(C)(C)C)cc1,CN(C)c1ccc([P+](C(C)(C)C)(C(C)(C)C)[Pd](Cl)(Cl)[P+](c2ccc(N(C)C)cc2)(C(C)(C)C)C(C)(C)C)cc1
CN(C)c1ccc([P+](C(C)(C)C)(C(C)(C)C)[Pd-2](Cl)(Cl)[P+](c2ccc(N(C)C)cc2)(C(C)(C)C)C(C)(C)C)cc1,CN(C)c1ccc([PH+](C(C)(C)C)C(C)(C)C)cc1~CN(C)c1ccc([PH+](C(C)(C)C)C(C)(C)C)cc1~Cl[Pd]Cl
Cl[Pd-2](Cl)([P+](C1CCCCC1)(C1CCCCC1)C1CCCCC1)[P+](C1CCCCC1)(C1CCCCC1)C1CCCCC1,C1CCC(P(C2CCCCC2)C2CCCCC2)CC1~C1CCC(P(C2CCCCC2)C2CCCCC2)CC1~Cl[Pd]Cl
C1CCC([P+]([Pd-2][P+](C2CCCCC2)(C2CCCCC2)C2CCCCC2)(C2CCCCC2)C2CCCCC2)CC1,C1CCC(P(C2CCCCC2)C2CCCCC2)CC1~C1CCC(P(C2CCCCC2)C2CCCCC2)CC1~[Pd]
Cl[Pd-2](Cl)([P+](C1CCCCC1)(C1CCCCC1)C1CCCCC1)[P+](C1CCCCC1)(C1CCCCC1)C1CCCCC1,C1CCC(P(C2CCCCC2)C2CCCCC2)CC1~Cl[Pd]Cl
c1ccc([P+](c2ccccc2)(c2ccccc2)[Pd-4]([P+](c2ccccc2)(c2ccccc2)c2ccccc2)([P+](c2ccccc2)(c2ccccc2)c2ccccc2)[P+](c2ccccc2)(c2ccccc2)c2ccccc2)cc1,c1ccc([PH](c2ccccc2)(c2ccccc2)[Pd]([PH](c2ccccc2)(c2ccccc2)c2ccccc2)([PH](c2ccccc2)(c2ccccc2)c2ccccc2)[PH](c2ccccc2)(c2ccccc2)c2ccccc2)cc1
Cl[Pd-2](Cl)([P+](c1ccccc1)(c1ccccc1)c1ccccc1)[P+](c1ccccc1)(c1ccccc1)c1ccccc1,Cl[Pd-2](Cl)([PH](c1ccccc1)(c1ccccc1)c1ccccc1)[PH](c1ccccc1)(c1ccccc1)c1ccccc1
Cl[Pd-2](Cl)([P+](c1ccccc1)(c1ccccc1)c1ccccc1)[P+](c1ccccc1)(c1ccccc1)c1ccccc1,Cl[Pd](Cl)([PH](c1ccccc1)(c1ccccc1)c1ccccc1)[PH](c1ccccc1)(c1ccccc1)c1ccccc1
Cl[Pd-2](Cl)([P+](c1ccccc1)(c1ccccc1)c1ccccc1)[P+](c1ccccc1)(c1ccccc1)c1ccccc1,Cl[Pd-]([PH](c1ccccc1)(c1ccccc1)c1ccccc1)[PH](c1ccccc1)(c1ccccc1)c1ccccc1
CC(C)(C)[P+]([Pd-2][P+](C(C)(C)C)(C(C)(C)C)C(C)(C)C)(C(C)(C)C)C(C)(C)C,CC(C)(C)P(C(C)(C)C)C(C)(C)C~[Pd]
CN(C)c1ccccc1-c1ccccc1[Pd-](Cl)[PH+](C1C[C@@H]2CC[C@H]1C2)C1C[C@H]2CC[C@@H]1C2,C1C[C@@H]2C[C@H]1CC2PC1C[C@@H]2CC[C@H]1C2~CN(C)c1ccccc1-c1ccccc1[Pd]Cl
CN(C)c1ccccc1-c1ccccc1[Pd-](Cl)[PH+](C1C[C@@H]2CC[C@H]1C2)C1C[C@H]2CC[C@@H]1C2,CN(C)c1ccccc1-c1ccccc1[Pd-](Cl)P(C1CC2CCC1C2)C1CC2CCC1C2
CC(C)(C)[P+](c1ccccc1)(C(C)(C)C)[Pd-2](Cl)(Cl)[P+](c1ccccc1)(C(C)(C)C)C(C)(C)C,CC(C)(C)P(c1ccccc1)C(C)(C)C~CC(C)(C)P(c1ccccc1)C(C)(C)C~Cl[Pd]Cl
CN(C)c1ccccc1-c1ccccc1[Pd-](Cl)[PH+](C1C[C@@H]2CC[C@H]1C2)C1C[C@H]2CC[C@@H]1C2,C1C[C@@H]2C[C@H]1CC2PC1C[C@@H]2CC[C@H]1C2~CN(C)c1ccccc1-c1[c-]cccc1~Cl[Pd+]
Cc1ccccc1[P+](c1ccccc1C)(c1ccccc1C)[Pd-2](Cl)(Cl)[P+](c1ccccc1C)(c1ccccc1C)c1ccccc1C,Cc1ccccc1P(c1ccccc1C)c1ccccc1C~Cc1ccccc1P(c1ccccc1C)c1ccccc1C~Cl[Pd]Cl
O=S1(=O)O[Ba]O1~[Pd],O=S(=O)([O-])[O-]~O=S(=O)([O-])[O-]~[Ba+2]~[Pd+2]
O=S1(=O)O[Ba]O1~[Pd],O=S(=O)([O-])[O-]~[Ba+2]~[Pd]
Cc1ccccc1[P+](c1ccccc1C)(c1ccccc1C)[Pd-2](Cl)(Cl)[P+](c1ccccc1C)(c1ccccc1C)c1ccccc1C,Cc1ccccc1[P](c1ccccc1C)(c1ccccc1C)[Pd](Cl)(Cl)[P](c1ccccc1C)(c1ccccc1C)c1ccccc1C
Cc1ccccc1[P+]([Pd-2][P+](c1ccccc1C)(c1ccccc1C)c1ccccc1C)(c1ccccc1C)c1ccccc1C,Cc1ccccc1[P]([Pd][P](c1ccccc1C)(c1ccccc1C)c1ccccc1C)(c1ccccc1C)c1ccccc1C
CC(C)(C)[P+](O)(C(C)(C)C)[Pd-2](Cl)(Cl)[P+](O)(C(C)(C)C)C(C)(C)C,CC(C)(C)P(O)C(C)(C)C~CC(C)(C)P(O)C(C)(C)C~Cl[Pd]Cl
CC(C)(C)[P+](O)([Pd-](Cl)Cl)C(C)(C)C,CC(C)(C)P(O)C(C)(C)C~CC(C)(C)P(O)C(C)(C)C~Cl[Pd]Cl~Cl[Pd]Cl
C=CC([Pd]Cl)c1ccccc1,C=C[CH-]c1ccccc1~C=C[CH-]c1ccccc1~Cl[Pd+]~Cl[Pd+]
c1ccc([P+]2(c3ccccc3)CC[P+](c3ccccc3)(c3ccccc3)[Pd-4]23[P+](c2ccccc2)(c2ccccc2)CC[P+]3(c2ccccc2)c2ccccc2)cc1,[Pd]~c1ccc(P(CCP(c2ccccc2)c2ccccc2)c2ccccc2)cc1~c1ccc(P(CCP(c2ccccc2)c2ccccc2)c2ccccc2)cc1
Cl[Pd-2]1(Cl)[P+](c2ccccc2)(c2ccccc2)CC[P+]1(c1ccccc1)c1ccccc1,Cl[Pd]Cl~c1ccc(P(CCP(c2ccccc2)c2ccccc2)c2ccccc2)cc1
CC(C)(C)[P+]([Pd-2][P+](C(C)(C)C)(C(C)(C)C)C(C)(C)C)(C(C)(C)C)C(C)(C)C,CC(C)(C)[P]([Pd][P](C(C)(C)C)(C(C)(C)C)C(C)(C)C)(C(C)(C)C)C(C)(C)C
Cl[Pd-2](Cl)([N+]#Cc1ccccc1)[N+]#Cc1ccccc1,Cl[Pd]Cl~N#Cc1ccccc1~N#Cc1ccccc1
CN(C)c1ccc([P+](C(C)(C)C)(C(C)(C)C)[Pd-2](Cl)(Cl)[P+](c2ccc(N(C)C)cc2)(C(C)(C)C)C(C)(C)C)cc1,CN(C)c1ccc([P](C(C)(C)C)(C(C)(C)C)[Pd](Cl)(Cl)[P](c2ccc(N(C)C)cc2)(C(C)(C)C)C(C)(C)C)cc1
CC(C)c1cc(C(C)C)c(-c2ccccc2[P+](C2CCCCC2)(C2CCCCC2)[Pd-](Cl)c2ccccc2-c2ccccc2N)c(C(C)C)c1,CC(C)c1cc(C(C)C)c(-c2ccccc2P(C2CCCCC2)(C2CCCCC2)=[Pd](Cl)c2ccccc2-c2ccccc2N)c(C(C)C)c1
Cl[Pd-2]1(Cl)[P+](c2ccccc2)(c2ccccc2)CC[P+]1(c1ccccc1)c1ccccc1,Cl[Pd]Cl~c1ccc(P(CCCCP(c2ccccc2)c2ccccc2)c2ccccc2)cc1
CC(C)(C)[P+]([Pd-2][P+](C(C)(C)C)(C(C)(C)C)C(C)(C)C)(C(C)(C)C)C(C)(C)C,CC(C)(C)[PH]([Pd][PH](C(C)(C)C)(C(C)(C)C)C(C)(C)C)(C(C)(C)C)C(C)(C)C
CC(C)c1cccc(C(C)C)c1-n1ccn(-c2c(C(C)C)cccc2C(C)C)c1=[Pd-](Cl)(Cl)[n+]1cccc(Cl)c1,CC(C)c1cccc(C(C)C)c1N1C=CN(c2c(C(C)C)cccc2C(C)C)C1~Cl[Pd]Cl~Clc1cccnc1
O=C(/C=C/c1ccccc1)/C=C/c1ccccc1~O=C(/C=C/c1ccccc1)/C=C/c1ccccc1~O=C(/C=C/c1ccccc1)/C=C/c1ccccc1~[Pd]~[Pd],CC(=O)C=Cc1ccccc1~CC(=O)C=Cc1ccccc1~CC(=O)C=Cc1ccccc1~[Pd]~[Pd]
CN(C)c1ccc([P+](C(C)(C)C)(C(C)(C)C)[Pd-2](Cl)(Cl)[P+](c2ccc(N(C)C)cc2)(C(C)(C)C)C(C)(C)C)cc1,CN(C)c1ccc([PH](C(C)(C)C)(C(C)(C)C)[Pd](Cl)(Cl)[PH](c2ccc(N(C)C)cc2)(C(C)(C)C)C(C)(C)C)cc1
O[Pd]O~C,OC(O)(O)O~[Pd]
CC(C)Oc1cccc(OC(C)C)c1-c1ccccc1[P+](C1CCCCC1)(C1CCCCC1)[Pd-](Cl)c1ccccc1-c1ccccc1N,CC(C)Oc1cccc(OC(C)C)c1-c1ccccc1[PH](C1CCCCC1)(C1CCCCC1)[Pd](Cl)c1ccccc1-c1ccccc1N
CC(C)(C)[P+](Cl)(C(C)(C)C)[Pd-2](Cl)(Cl)[P+](Cl)(C(C)(C)C)C(C)(C)C,CC(C)(C)P(Cl)C(C)(C)C~CC(C)(C)P(Cl)C(C)(C)C~Cl[Pd]Cl
Cl[Pd-2]1(Cl)[P+](c2ccccc2)(c2ccccc2)CCC[P+]1(c1ccccc1)c1ccccc1,Cl[Pd]Cl~c1ccc(P(CCCP(c2ccccc2)c2ccccc2)c2ccccc2)cc1
C1=CCCC=CCC1~C=CC[Pd]OS(=O)(=O)C(F)(F)F,C=CCC1=CCCC=CCC1~O=S(=O)([O-])C(F)(F)F~O=S(=O)([O-])C(F)(F)F~[Pd+2]
Cl[Pd-2](Cl)([P+](c1ccccc1)(c1ccccc1)c1ccccc1)[P+](c1ccccc1)(c1ccccc1)c1ccccc1,Clc1cccc(P(c2ccccc2)c2ccccc2)c1Cl~Clc1cccc(P(c2ccccc2)c2ccccc2)c1Cl~[Pd]
[C]~[Pd],C[Pd]
[H][H].[Pd],[H][H]~[Pd]
[PdH2],[H-]~[H-]~[Pd+2]
CC#[N+][Pd-2](Cl)(Cl)[N+]#CC,CC#N~CC#N~Cl[Pd]Cl
C=CC[Pd]Cl,C=C[CH2-]~C=C[CH2-]~Cl[Pd+]~Cl[Pd+]
O[Pd]O~[C],C~O~O~[Pd]
[C]~[Pd],C~[Pd]
ClCCl.Cl[Pd]Cl,ClCCl~Cl[Pd]Cl
CC(C)c1cccc(C(C)C)c1-n1ccn(-c2c(C(C)C)cccc2C(C)C)c1=[Pd-](Cl)(Cl)[n+]1cccc(Cl)c1,CC(C)c1cccc(C(C)C)c1-n1ccn(-c2c(C(C)C)cccc2C(C)C)c1=[Pd-2](Cl)c1ncccc1Cl
O=[Cr-2](=O)(=O)([n+]1ccccc1)[n+]1ccccc1,O=[Cr](=O)=O~c1ccncc1~c1ccncc1
O=[Cr](=O)([O-])Cl~c1cc[nH+]cc1,O=[Cr](=O)([O-])Cl~O=[Cr](=O)([O-])Cl~c1cc[nH+]cc1~c1cc[nH+]cc1
O=[Cr](=O)=O.c1ccncc1,O=[Cr](=O)=O~c1ccncc1
O=[Cr](=O)([O-])Cl~c1cc[nH+]cc1,O=[Cr](=O)([O-])OCl~c1cc[nH+]cc1
O=[Cr](=O)([O-])Cl~c1cc[nH+]cc1,O=[Cr](=O)([O-])Cl~O=[Cr](=O)([O-])Cl~c1ccc(-c2cccc[nH+]2)[nH+]c1
O=[Cr](=O)(O[Na])O[Cr](=O)(=O)O[Na],O~O~O=[Cr](=O)([O-])O[Cr](=O)(=O)[O-]~[Na+]~[Na+]
Cl[Ru-2](Cl)(=Cc1ccccc1)([P+](C1CCCCC1)(C1CCCCC1)C1CCCCC1)[P+](C1CCCCC1)(C1CCCCC1)C1CCCCC1,C=Cc1ccccc1~Cl[Ru]Cl~c1ccc(P(c2ccccc2)c2ccccc2)cc1~c1ccc(P(c2ccccc2)c2ccccc2)cc1
C[Al-](C)(C)[N+]12CC[N+]([Al-](C)(C)C)(CC1)CC2,C1CN2CCN1CC2~C[Al](C)C~C[Al](C)C
O=[Mn]=O,[Mn]O[Mn]
[Ag]O[Ag],O=[Ag]
O=[Ag],[Ag+2]~[O-2]
C1=CCCC=CCC1~CO[Ir],C1=CCCC=CCC1~C1=CCCC=CCC1~C[OH2+]~C[OH2+]~[Ir]~[Ir]
C1=CCCC=CCC1~Cl[Ir],C1=CCCC=CCC1~C1=CCCC=CCC1~[Cl-]~[Cl-]~[Ir]~[Ir]
C1=CCCC=CCC1~CO[Ir],C1=CCCC=CCC1~C1=CCCC=CCC1~C[O-]~C[O-]~[Ir]~[Ir]
C1=CCCC=CCC1~[Ir][P+](C1CCCCC1)(C1CCCCC1)C1CCCCC1~F[P-](F)(F)(F)(F)F~c1ccncc1,C1=CCCC=CCC1~C1CCC(P(C2CCCCC2)C2CCCCC2)CC1~F[P-](F)(F)(F)(F)F~[Ir]~c1ccncc1
CC1=C(C)C(C)([Ir](Cl)Cl)C(C)=C1C,Cc1c(C)c(C)[c-](C)c1C~Cc1c(C)c(C)[c-](C)c1C~[Cl-]~[Cl-]~[Cl-]~[Cl-]~[Ir+3]~[Ir+3]
[H+]~[H+]~Cl[Ir-2](Cl)(Cl)(Cl)(Cl)Cl,Cl~Cl~Cl[Ir](Cl)(Cl)Cl
CC(C)(C)[PH+](C(C)(C)C)C(C)(C)C~F[B-](F)(F)F.O=C(/C=C/c1ccccc1)/C=C/c1ccccc1~O=C(/C=C/c1ccccc1)/C=C/c1ccccc1~O=C(/C=C/c1ccccc1)/C=C/c1ccccc1~[Pd]~[Pd],CC(C)(C)[PH+](C(C)(C)C)C(C)(C)C~F[B-](F)(F)F~O=C(/C=C/c1ccccc1)/C=C/c1ccccc1~O=C(/C=C/c1ccccc1)/C=C/c1ccccc1~O=C(/C=C/c1ccccc1)/C=C/c1ccccc1~[Pd]~[Pd]
CC(C)(C)[PH+](C(C)(C)C)C(C)(C)C~F[B-](F)(F)F.O=C(/C=C/c1ccccc1)/C=C/c1ccccc1~O=C(/C=C/c1ccccc1)/C=C/c1ccccc1~O=C(/C=C/c1ccccc1)/C=C/c1ccccc1~[Pd]~[Pd],CC(C)(C)[PH+](C(C)(C)C)C(C)(C)C~F[B-](F)(F)F~O=C(C=Cc1ccccc1)C=Cc1ccccc1~O=C(C=Cc1ccccc1)C=Cc1ccccc1~O=C(C=Cc1ccccc1)C=Cc1ccccc1~[Pd]~[Pd]
CC(C)(C)[O-]~O=C(/C=C/c1ccccc1)/C=C/c1ccccc1.[Na+]~O=C(/C=C/c1ccccc1)/C=C/c1ccccc1~O=C(/C=C/c1ccccc1)/C=C/c1ccccc1~[Pd]~[Pd].c1ccc(P(c2ccccc2)c2ccc3ccccc3c2-c2c(P(c3ccccc3)c3ccccc3)ccc3ccccc23)cc1,CC(C)(C)[O-]~[Na+]~O=C(/C=C/c1ccccc1)/C=C/c1ccccc1~O=C(/C=C/c1ccccc1)/C=C/c1ccccc1~O=C(/C=C/c1ccccc1)/C=C/c1ccccc1~[Pd]~[Pd]~c1ccc(P(c2ccccc2)c2ccc3ccccc3c2-c2c(P(c3ccccc3)c3ccccc3)ccc3ccccc23)cc1
CC(=O)O[Pd-2](OC(C)=O)([P+](c1ccccc1)(c1ccccc1)c1ccccc1)[P+](c1ccccc1)(c1ccccc1)c1ccccc1,CC(=O)O~CC(=O)O~[Pd]~c1ccc(P(c2ccccc2)c2ccccc2)cc1
Cl[Pd-2](Cl)([P+](c1ccccc1)(c1ccccc1)c1ccccc1)[P+](c1ccccc1)(c1ccccc1)c1ccccc1,Cl[Pd](Cl)([P](c1ccccc1)(c1ccccc1)c1ccccc1)[P](c1ccccc1)(c1ccccc1)c1ccccc1~Cl[Pd](Cl)([P](c1ccccc1)(c1ccccc1)c1ccccc1)[P](c1ccccc1)(c1ccccc1)c1ccccc1
Cl[Pd-2](Cl)([P+](c1ccccc1)(c1ccccc1)c1ccccc1)[P+](c1ccccc1)(c1ccccc1)c1ccccc1,Cl[Pd]Cl~c1ccc(P(c2ccccc2)c2ccccc2)cc1
CC(C)(C)C[Zn]I,CC(C)(C)C[Zn+]~[I-]
CC(C)CC[Zn]Br,CC(C)CC[Zn+]~[Br-]
CCCCC[Zn]Cl,CCCCC[Zn+]~[Cl-]
CC(C)(C)C[Zn]Cl,CC(C)(C)C[Zn+]~[Cl-]
CC(C)(C)C[Zn]Br,CC(C)(C)C[Zn+]~[Br-]
CC(C)(C)OC(=O)C[Zn]Cl,CC(C)(C)OC(=O)C[Zn+]~[Cl-]
CCOC(=O)CCC[Zn]Br,CCOC(=O)CCC[Zn+]~[Br-]
CC(C)(C)OC(=O)C[Zn]Br,CC(C)(C)OC(=O)C[Zn+]~[Br-]
CC(C)C[Zn]Br,CC(C)C[Zn+]~[Br-]
CCCC[Zn]Br,CCCC[Zn+]~[Br-]
CCOC(=O)CC[Zn]Br,CCOC(=O)CC[Zn+]~[Br-]
COC(=O)[C@@H](C)C[Zn]Br,COC(=O)[C@@H](C)C[Zn+]~[Br-]
Br[Zn]CCC1OCCO1,[Br-]~[Zn+]CCC1OCCO1
Br[Zn]CCc1ccccc1,[Br-]~[Zn+]CCc1ccccc1
CC([Zn]Br)c1ccccc1,CC([Zn+])c1ccccc1~[Br-]
Cc1ccc(C[Zn]Cl)cc1,Cc1ccc(C[Zn+])cc1~[Cl-]
Cc1ccccc1C[Zn]Cl,Cc1ccccc1C[Zn+]~[Cl-]
Cl[Zn]Cc1ccc(Cl)cc1,Clc1ccc(C[Zn+])cc1~[Cl-]
Cl[Zn]Cc1cccc(Cl)c1,Clc1cccc(C[Zn+])c1~[Cl-]
Cl[Zn]Cc1ccccc1Cl,Clc1ccccc1C[Zn+]~[Cl-]
CC(=O)O[Zn]OC(C)=O,CC(=O)[O-]~CC(=O)[O-]~[Zn+2]
Fc1ccc(C[Zn]Cl)cc1,Fc1ccc(C[Zn+])cc1~[Cl-]
Fc1ccccc1C[Zn]Cl,Fc1ccccc1C[Zn+]~[Cl-]
Fc1cccc(C[Zn]Cl)c1,Fc1cccc(C[Zn+])c1~[Cl-]
Fc1ccc(C[Zn]Br)cc1,Fc1ccc(C[Zn+])cc1~[Br-]
Br[Zn]Cc1ccccc1,[Br-]~[Zn+]Cc1ccccc1
COC(=O)C1([Zn]Br)CC1,COC(=O)C1([Zn+])CC1~[Br-]
CC(=O)/C=C(/C)O[Zn]O/C(C)=C\C(C)=O,CC(=O)/C=C(/C)O~CC(=O)/C=C(/C)O~[Zn]
CC(=O)/C=C(/C)O[Zn]O/C(C)=C\C(C)=O,CC(=O)C=C(C)[O-]~CC(=O)C=C(C)[O-]~[Zn+2]
CCOC(=O)C[Zn]Br,CCOC(=O)C[Zn+]~[Br-]
COc1ccc(C[Zn]Cl)cc1,COc1ccc(C[Zn+])cc1~[Cl-]
COc1ccccc1C[Zn]Cl,COc1ccccc1C[Zn+]~[Cl-]
COc1cccc(C[Zn]Cl)c1,COc1cccc(C[Zn+])c1~[Cl-]
CC(C)(C)OC(=O)N1CC([Zn]I)C1,CC(C)(C)OC(=O)N1CC([Zn+])C1~[I-]
N#CCCCC[Zn]Br,N#CCCCC[Zn+]~[Br-]
CC(C)(C)OC(=O)CC[Zn]Br,CC(C)(C)OC(=O)CC[Zn+]~[Br-]
Br[Zn]C1CCCCC1,[Br-]~[Zn+]C1CCCCC1
Br[Zn]C1CCC1,[Br-]~[Zn+]C1CCC1
O=S(=O)(O[Zn]OS(=O)(=O)C(F)(F)F)C(F)(F)F,O=S(=O)([O-])C(F)(F)F~O=S(=O)([O-])C(F)(F)F~[Zn+2]
Br[Zn]C1CCCC1,[Br-]~[Zn+]C1CCCC1
Cl[Zn]Cc1ccc(Cl)nc1,Clc1ccc(C[Zn+])cn1~[Cl-]
CC(C)(C)OC(=O)N1CCC([Zn]I)CC1,CC(C)(C)OC(=O)N1CCC([Zn+])CC1~[I-]
CCCCCCCC(=O)O[Zn]OC(=O)CCCCCCC,CCCCCCCC(=O)[O-]~CCCCCCCC(=O)[O-]~[Zn+2]
CN(C)C(=S)S[Zn]SC(=S)N(C)C,CN(C)C(=S)[S-]~CN(C)C(=S)[S-]~[Zn+2]
Fc1c(Cl)cccc1C[Zn]Br,Fc1c(Cl)cccc1C[Zn+]~[Br-]
Clc1cccc(Cl)c1C[Zn]Br,Clc1cccc(Cl)c1C[Zn+]~[Br-]
N#C[Zn]C#N,N#CC#N~[Zn]
N#CCCC[Zn]Br,N#CCCC[Zn+]~[Br-]
Fc1ccc(C[Zn]Br)c(F)c1,Fc1ccc(C[Zn+])c(F)c1~[Br-]
Br[Zn]CC1CCCCC1,[Br-]~[Zn+]CC1CCCCC1
O=S(O[Zn]OS(=O)C(F)F)C(F)F,O=S([O-])C(F)F~O=S([O-])C(F)F~[Zn+2]
FC(F)(F)c1cccc(C[Zn]Cl)c1,FC(F)(F)c1cccc(C[Zn+])c1~[Cl-]
C=C([Zn]Br)C(F)(F)F,C=C([Zn+])C(F)(F)F~[Br-]
CCCCCCCCCCCCCCCCCC(=O)O[Zn]OC(=O)CCCCCCCCCCCCCCCCC,CCCCCCCCCCCCCCCCCC(=O)[O-]~CCCCCCCCCCCCCCCCCC(=O)[O-]~[Zn+2]
CC(C)(C)[Si](C)(C)OCCC[Zn]Br,CC(C)(C)[Si](C)(C)OCCC[Zn+]~[Br-]
N#Cc1cccc(C[Zn]Br)c1,N#Cc1cccc(C[Zn+])c1~[Br-]
N#Cc1ccc(C[Zn]Br)cc1,N#Cc1ccc(CBr)cc1~[Zn]
N#C[Zn]C#N,[C-]#N~[C-]#N~[Zn+2]
Cl[Zn]Cl,[Cl-]~[Cl-]~[Zn+2]
Br[Zn]Br,[Br-]~[Br-]~[Zn+2]
I[Zn]I,[I-]~[I-]~[Zn+2]
C[Zn]Cl,C[Zn+]~[Cl-]
Br[Zn]C1CC1,[Br-]~[Zn+]C1CC1
Br[Zn]c1ccccn1,[Br-]~[Zn+]c1ccccn1
CC(C)[Zn]Br,CC(C)[Zn+]~[Br-]
CCC[Zn]Br,CCC[Zn+]~[Br-]
CCC[Zn]Br,[CH2-]CC~[Zn+]Br
Br[Zn]c1nccs1,[Br-]~[Zn+]c1nccs1
Cc1cccc([Zn]Br)n1,Cc1cccc([Zn+])n1~[Br-]
Cc1ccc([Zn]Br)nc1,Cc1ccc([Zn+])nc1~[Br-]
Cc1ccnc([Zn]Br)c1,Cc1ccnc([Zn+])c1~[Br-]
Cc1cccnc1[Zn]Br,Cc1cccnc1[Zn+]~[Br-]
F[Zn]F,[F-]~[F-]~[Zn+2]
Br[Zn]c1cccs1,[Br-]~[Zn+]c1cccs1
CCOC(=O)c1ccc([Zn]I)cc1,CCOC(=O)c1ccc([Zn+])cc1~[I-]
N#C[Zn]C#N,[C-]#N~[Zn]
Clc1ccc([Zn]I)cc1,Clc1ccc([Zn+])cc1~[I-]
Fc1cccc(F)c1[Zn]Br,Fc1cccc(F)c1[Zn+]~[Br-]
I[Zn]c1ccccc1,[I-]~[Zn+]c1ccccc1
Cl[Zn]Cl,Cl[Zn]
Fc1ccc([Zn]Br)nc1,Fc1ccc([Zn+])nc1~[Br-]
Fc1ccc([Zn]Cl)cc1,Fc1ccc([Zn+])cc1~[Cl-]
N#Cc1cccc([Zn]I)c1,N#Cc1cccc([Zn+])c1~[I-]
C[Si](C)(C)c1c(F)cnc([Zn]Cl)c1F,C[Si](C)(C)c1c(F)cnc([Zn+])c1F~[Cl-]
Br[Zn]Br,[Zn]Br
O=S(=O)(O[Y](OS(=O)(=O)C(F)(F)F)OS(=O)(=O)C(F)(F)F)C(F)(F)F,O=S(=O)([O-])C(F)(F)F~O=S(=O)([O-])C(F)(F)F~O=S(=O)([O-])C(F)(F)F~[Y+3]
CCCCCCCCCCCC(=O)O[Sn](CCCC)(CCCC)OC(=O)CCCCCCCCCCC,CCCCCCCCCCCC(=O)[O-]~CCCCCCCCCCCC(=O)[O-]~CCCC[Sn+2]CCCC
CCCCCCCCCCCC(=O)O[Sn](CCCCCCCC)(CCCCCCCC)OC(=O)CCCCCCCCCCC,CCCCCCCCCCCC(=O)[O-]~CCCCCCCCCCCC(=O)[O-]~CCCCCCCC[Sn+2]CCCCCCCC
CCCCCCCCCCCC(=O)O[Sn](CCCC)(OC(=O)CCCCCCCCCCC)OC(=O)CCCCCCCCCCC,CCCCCCCCCCCC(=O)[O-]~CCCCCCCCCCCC(=O)[O-]~CCCCCCCCCCCC(=O)[O-]~CCCC[Sn+3]
CCCCC(CC)C(=O)O[Sn]OC(=O)C(CC)CCCC,CCCCC(CC)C(=O)[O-]~CCCCC(CC)C(=O)[O-]~[Sn+2]
CCCC[Sn](CCCC)(OC(C)=O)OC(C)=O,CC(=O)[O-]~CC(=O)[O-]~CCCC[Sn+2]CCCC
O=S(=O)(O[Sn]OS(=O)(=O)C(F)(F)F)C(F)(F)F,O=S(=O)([O-])C(F)(F)F~O=S(=O)([O-])C(F)(F)F~[Sn+2]
Cl[Sn]Cl,Cl[Sn]Cl~O~O
Cl[Sn]Cl,[Cl-]~[Cl-]~[Sn+2]
Cl[Sn](Cl)(Cl)Cl,Cl[Sn](Cl)(Cl)Cl~O~O
C[Sn](C)(C)[Sn](C)(C)C,C[Sn](C)C~C[Sn](C)C
CCCC[Sn](CCCC)(CCCC)OC,CCCC[Sn+](CCCC)CCCC~C[O-]
CCCC[Sn](CCCC)(CCCC)[Sn](CCCC)(CCCC)CCCC,CCCC[Sn](CCCC)CCCC~CCCC[Sn](CCCC)CCCC
CC(=O)O[Pb](OC(C)=O)(OC(C)=O)OC(C)=O,CC(=O)[O-]~CC(=O)[O-]~CC(=O)[O-]~CC(=O)[O-]~[Pb+4]
CC(=O)O[Pb]OC(C)=O,CC(=O)[O-]~CC(=O)[O-]~[Pb+2]
CCc1ccc(Br)cc1[Pb](OC(C)=O)(OC(C)=O)OC(C)=O,CC(=O)[O-]~CC(=O)[O-]~CC(=O)[O-]~CCc1ccc(Br)cc1[Pb+3]
CC(=O)O[Pb](OC(C)=O)(OC(C)=O)OC(C)=O,CC(=O)[O-]~CC(=O)[O-]~CC(=O)[O-]~CC(=O)[O-]~[Pb+2]
CCc1ccc(-c2ccc(Cl)cc2)cc1[Pb](OC(C)=O)(OC(C)=O)OC(C)=O,CC(=O)[O-]~CC(=O)[O-]~CC(=O)[O-]~CCc1ccc(-c2ccc(Cl)cc2)cc1[Pb+3]
CCc1cc(Br)ccc1[Pb](OC(C)=O)(OC(C)=O)OC(C)=O,CC(=O)[O-]~CC(=O)[O-]~CC(=O)[O-]~CCc1cc(Br)ccc1[Pb+3]
CC(=O)O[Pb](OC(C)=O)(OC(C)=O)c1cc(-c2ccc(Cl)cc2)ccc1C,CC(=O)[O-]~CC(=O)[O-]~CC(=O)[O-]~Cc1ccc(-c2ccc(Cl)cc2)cc1[Pb+3]
CC(=O)O[Pb](OC(C)=O)(OC(C)=O)c1c(C)cc(-c2ccccc2)cc1C,CC(=O)[O-]~CC(=O)[O-]~CC(=O)[O-]~Cc1cc(-c2ccccc2)cc(C)c1[Pb+3]
N#CS[Pb]SC#N,N#C[S-]~N#C[S-]~[Pb+2]
O=[N+]([O-])O[Tl],O=[N+]([O-])[O-]~[Tl+]
O=C(O[Tl])C(F)(F)F,O=C([O-])C(F)(F)F~[Tl+]
O=C(O[Tl](OC(=O)C(F)(F)F)OC(=O)C(F)(F)F)C(F)(F)F,O=C([O-])C(F)(F)F~O=C([O-])C(F)(F)F~O=C([O-])C(F)(F)F~[Tl+3]
CC(=O)O[Tl],CC(=O)[O-]~[Tl+]
[Cu]~[Zn],[Cu][Zn]
O=S(=O)(O[In](OS(=O)(=O)C(F)(F)F)OS(=O)(=O)C(F)(F)F)C(F)(F)F,O=S(=O)([O-])C(F)(F)F~O=S(=O)([O-])C(F)(F)F~O=S(=O)([O-])C(F)(F)F~[In+3]
Cl[In](Cl)Cl,[Cl-]~[Cl-]~[Cl-]~[In+3]
Br[In](Br)Br,[Br-]~[Br-]~[Br-]~[In+3]
O=S(=O)(O[Sc](OS(=O)(=O)C(F)(F)F)OS(=O)(=O)C(F)(F)F)C(F)(F)F,O=S(=O)([O-])C(F)(F)F~O=S(=O)([O-])C(F)(F)F~O=S(=O)([O-])C(F)(F)F~[Sc+3]
O=[Ru]O[Ru]=O,[O-2]~[O-2]~[O-2]~[Ru+3]~[Ru+3]
CC(=O)O[Cu]OC(C)=O,CC(=O)[O-]~CC(=O)[O-]~[Cu+2]
O=C(O[Cu])c1cccs1,O=C([O-])c1cccs1~[Cu+]
O=C(O[Cu]OC(=O)c1cccs1)c1cccs1,O=C([O-])c1cccs1~O=C([O-])c1cccs1~[Cu+2]
O=S(=O)(O[Cu]OS(=O)(=O)C(F)(F)F)C(F)(F)F,O=S(=O)([O-])C(F)(F)F~O=S(=O)([O-])C(F)(F)F~[Cu+2]
O=S(=O)(O[Cu])C(F)(F)F,O=S(=O)([O-])C(F)(F)F~[Cu+]
O=[N+]([O-])O[Cu]O[N+](=O)[O-],O=[N+]([O-])[O-]~O=[N+]([O-])[O-]~[Cu+2]
CC(=O)/C=C(/C)O[Cu]O/C(C)=C\C(C)=O,CC(=O)C=C(C)[O-]~CC(=O)C=C(C)[O-]~[Cu+2]
CC(=O)/C=C(/C)O[Cu]O/C(C)=C\C(C)=O,CC(=O)CC(C)=O~[Cu+2]
CC(C)(C)C(=O)O[Cu]OC(=O)C(C)(C)C,CC(C)(C)C(=O)[O-]~CC(C)(C)C(=O)[O-]~[Cu+2]
Cc1cccc(C(=O)O[Cu])c1O,Cc1cccc(C(=O)[O-])c1O~[Cu+]
O=C(O[Cu]OC(=O)c1ccccc1)c1ccccc1,O=C([O-])c1ccccc1~O=C([O-])c1ccccc1~[Cu+2]
[Cu]I,[Cu+]~[I-]
[Cu]I,[Cu]~[I]
I[Cu]I,[Cu+2]~[I-]~[I-]
N#C[Cu],[C-]#N~[Cu+]
Cl[Cu],[Cl-]~[Cu+]
Br[Cu]Br,[Br-]~[Br-]~[Cu+2]
Cl[Cu]Cl,[Cl-]~[Cl-]~[Cu+2]
[Cu]O[Cu],[Cu+]~[Cu+]~[O-2]
N#C[Cu]C#N,[C-]#N~[C-]#N~[Cu+2]
O=[Cu],[Cu+2]~[O-2]
Cl[Zr](Cl)(C1C=CC=C1)C1C=CC=C1,[Cl-]~[Cl-]~[Zr+4]~c1cc[cH-]c1~c1cc[cH-]c1
Cl[ZrH](C1C=CC=C1)C1C=CC=C1,[Cl-]~[H-]~[Zr+2]~c1cc[cH-]c1~c1cc[cH-]c1
CC(C)(C)O[Zr](OC(C)(C)C)(OC(C)(C)C)OC(C)(C)C,CC(C)(C)[O-]~CC(C)(C)[O-]~CC(C)(C)[O-]~CC(C)(C)[O-]~[Zr+4]
CC(C)O[Zr](OC(C)C)(OC(C)C)OC(C)C,CC(C)[O-]~CC(C)[O-]~CC(C)[O-]~CC(C)[O-]~[Zr+4]
Cl[Zr](Cl)(Cl)Cl,[Cl-]~[Cl-]~[Cl-]~[Cl-]~[Zr+4]
CC(=O)O[Co]OC(C)=O,CC(=O)[O-]~CC(=O)[O-]~[Co+2]
C1=CC([Co]C2C=CC=C2)C=C1,[Co+2]~c1cc[cH-]c1~c1cc[cH-]c1
C1=Cc2nc1c(-c1ccccc1)c1ccc([n-]1)c(-c1ccccc1)c1nc(c(-c3ccccc3)c3ccc([n-]3)c2-c2ccccc2)C=C1~[Co+2],C1=Cc2nc1c(-c1ccccc1)c1ccc([nH]1)c(-c1ccccc1)c1nc(c(-c3ccccc3)c3ccc([nH]3)c2-c2ccccc2)C=C1~[Co+2]
O=C(O[Co]OC(=O)c1ccc2ccccc2c1)c1ccc2ccccc2c1,O=C([O-])c1ccc2ccccc2c1~O=C([O-])c1ccc2ccccc2c1~[Co+2]
CC(=O)/C=C(/C)O[Co]O/C(C)=C\C(C)=O,CC(=O)C=C(C)[O-]~CC(=O)C=C(C)[O-]~[Co+2]
CCCCC(CC)C(=O)O[Co]OC(=O)C(CC)CCCC,CCCCC(CC)C(=O)[O-]~CCCCC(CC)C(=O)[O-]~[Co+2]
Cl[Co]Cl,[Cl-]~[Cl-]~[Co+2]
Br[Co]Br,[Br-]~[Br-]~[Co+2]
O[Co]O,[Co+2]~[OH-]~[OH-]
CC(=O)O[Rh]OC(C)=O,CC(=O)[O-]~CC(=O)[O-]~[Rh+2]
CC(=O)O[Rh](OC(C)=O)OC(C)=O,CC(=O)[O-]~CC(=O)[O-]~CC(=O)[O-]~[Rh+3]
CCCCCCCC(=O)O[Rh]OC(=O)CCCCCCC,CCCCCCCC(=O)[O-]~CCCCCCCC(=O)[O-]~[Rh+2]
CC(C)C[AlH]CC(C)C,CC(C)C[Al]CC(C)C
CCC(C)O[Al](OC(C)CC)OC(C)CC,CCC(C)[O-]~CCC(C)[O-]~CCC(C)[O-]~[Al+3]
CC(C)(C)O[Al](OC(C)(C)C)OC(C)(C)C,CC(C)(C)[O-]~CC(C)(C)[O-]~CC(C)(C)[O-]~[Al+3]
COCCO[AlH2-]OCCOC~[Na+],COCCO[AlH]OCCOC~[Na]
COCCO[AlH2-]OCCOC~[Na+],COCCO[Al-]OCCOC~[Na+]
C[Al](C)NCc1ccccc1F,C[Al+]C~[NH-]Cc1ccccc1F
CCCCCCCCCCCCCCCCCC(=O)O[Al](OC(=O)CCCCCCCCCCCCCCCCC)OC(=O)CCCCCCCCCCCCCCCCC,CCCCCCCCCCCCCCCCCC(=O)[O-]~CCCCCCCCCCCCCCCCCC(=O)[O-]~CCCCCCCCCCCCCCCCCC(=O)[O-]~[Al+3]
O=[Si]=O~O=[Si]=O~O=[Si]=O~O=[Si]=O~O=[Al]O[Al]=O,O~O=[Si]=O~O=[Si]=O~O=[Si]=O~O=[Si]=O~O=[Al]O[Al]=O
O[Al](O)O,[Al+3]~[OH-]~[OH-]~[OH-]
N[Al](N)N,[Al+3]~[NH2-]~[NH2-]~[NH2-]
C[Al](N)Cl,C[Al]Cl~[NH2-]
[AlH4-]~[Li+],[Al+3]~[H-]~[H-]~[H-]~[Li]
O=[Al]O[Na],O=[Al-]=O~[Na+]
Cl[Al-](Cl)(Cl)Cl~[Li+],Cl[Al](Cl)Cl~[Li]
O=[Os]=O,[O-2]~[O-2]~[Os+4]
Cl[Hf](Cl)(Cl)Cl,[Cl-]~[Cl-]~[Cl-]~[Cl-]~[Hf+4]
O=C=[Mo](=C=O)(=C=O)(=C=O)(=C=O)=C=O,[C-]#[O+]~[C-]#[O+]~[C-]#[O+]~[C-]#[O+]~[C-]#[O+]~[C-]#[O+]~[Mo]
CC(C)O[Ti](OC(C)C)(OC(C)C)OC(C)C,CC(C)[O-]~CC(C)[O-]~CC(C)[O-]~CC(C)[O-]~[Ti+4]
CC(C)O[Ti](Cl)(OC(C)C)OC(C)C,CC(C)[O-]~CC(C)[O-]~CC(C)[O-]~Cl[Ti+3]
CC(C)O[Ti](Cl)(OC(C)C)OC(C)C,CC(C)[O-]~CC(C)[O-]~CC(C)[O-]~[Cl-]~[Ti+4]
CC(C)O[Ti](Cl)(OC(C)C)OC(C)C,CC(C)O[Ti+](OC(C)C)OC(C)C~[Cl-]
CC(C)O[Ti](C)(OC(C)C)OC(C)C,CC(C)[O-]~CC(C)[O-]~CC(C)[O-]~C[Ti+3]
Cl[Ti](Cl)(C1C=CC=C1)C1C=CC=C1,[Cl-]~[Cl-]~[Ti+2]~c1cc[cH-]c1~c1cc[cH-]c1
Cl[Ti](Cl)(C1C=CC=C1)C1C=CC=C1,Cl[Ti]Cl~c1cc[cH-]c1~c1cc[cH-]c1
Cl[Ti](Cl)(C1C=CC=C1)C1C=CC=C1,C1=CC([Ti+2]C2C=CC=C2)C=C1~[Cl-]~[Cl-]
Cl[Ti](Cl)(Cl)Cl,[Cl-]~[Cl-]~[Cl-]~[Cl-]~[Ti+4]
Cl[Ti](Cl)Cl,[Cl-]~[Cl-]~[Cl-]~[Ti+3]
CCO[Ti](OCC)(OCC)OCC,CCO~CCO~CCO~CCO~[Ti]
Cl[Ti]Cl,[Cl-]~[Cl-]~[Ti+2]
CC(=O)/C=C(/C)O[V](=O)O/C(C)=C\C(C)=O,CC(=O)C=C(C)[O-]~CC(=O)C=C(C)[O-]~O=[V+2]
CC(=O)/C=C(/C)O[V](=O)O/C(C)=C\C(C)=O,CC(=O)/C=C(/C)O~CC(=O)/C=C(/C)O~O=[V]
O=[V](=O)O[V](=O)=O,[O-2]~[O-2]~[O-2]~[O-2]~[O-2]~[V+5]~[V+5]
CC(=O)O[Mn]OC(C)=O,CC(=O)[O-]~CC(=O)[O-]~[Mn+2]
CC(=O)O[Mn](OC(C)=O)OC(C)=O,CC(=O)[O-]~CC(=O)[O-]~CC(=O)[O-]~[Mn+3]
O=[Mn]=O,[Mn+4]~[O-2]~[O-2]
Cl[Mn]Cl,[Cl-]~[Cl-]~[Mn+2]
O=[Mn],[Mn+2]~[O-2]
CC(=O)O[Hg]OC(C)=O,CC(=O)[O-]~CC(=O)[O-]~[Hg+2]
O=C(O[Hg]OC(=O)C(F)(F)F)C(F)(F)F,O=C([O-])C(F)(F)F~O=C([O-])C(F)(F)F~[Hg+2]
Cl[Hg]Cl,[Cl-]~[Cl-]~[Hg+2]
N#C[Hg]C#N,[C-]#N~[C-]#N~[Hg+2]
Cl[Hg],[Cl-]~[Hg+]
C1=CC([Fe]C2C=CC=C2)C=C1,[Fe+2]~c1cc[cH-]c1~c1cc[cH-]c1
C1=CC([Fe]C2(P(c3ccccc3)c3ccccc3)C=CC=C2)C=C1,[Fe+2]~c1cc[cH-]c1~c1ccc(P(c2ccccc2)[c-]2cccc2)cc1
CN(C)C1([Fe]C2C=CC=C2)C=CC=C1P(c1ccccc1)c1ccccc1,CN(C)[c-]1cccc1P(c1ccccc1)c1ccccc1~[Fe+2]~c1cc[cH-]c1
CC(P(C(C)(C)C)C(C)(C)C)C1([Fe]C2C=CC=C2)C=CC=C1P(c1ccccc1)c1ccccc1,CC([c-]1cccc1P(c1ccccc1)c1ccccc1)P(C(C)(C)C)C(C)(C)C~[Fe+2]~c1cc[cH-]c1
CC(=O)/C=C(/C)O[Fe](O/C(C)=C\C(C)=O)O/C(C)=C\C(C)=O,CC(=O)C=C(C)[O-]~CC(=O)C=C(C)[O-]~CC(=O)C=C(C)[O-]~[Fe+3]
CC(=O)/C=C(/C)O[Fe](O/C(C)=C\C(C)=O)O/C(C)=C\C(C)=O,CC(=O)/C=C(/C)O~CC(=O)/C=C(/C)O~CC(=O)/C=C(/C)O~[Fe]
CC(=O)/C=C(/C)O[Fe](O/C(C)=C\C(C)=O)O/C(C)=C\C(C)=O,CC(=O)/C=C(/C)[O-]~CC(=O)/C=C(/C)[O-]~CC(=O)/C=C(/C)[O-]~[Fe+3]
C1=CC([Fe]C2(P(c3ccccc3)c3ccccc3)C=CC=C2)(P(c2ccccc2)c2ccccc2)C=C1,[Fe+2]~c1ccc(P(c2ccccc2)[c-]2cccc2)cc1~c1ccc(P(c2ccccc2)[c-]2cccc2)cc1
C1=CC([Fe]C2(P(c3ccccc3)c3ccccc3)C=CC=C2)(P(c2ccccc2)c2ccccc2)C=C1,[Fe+2]~c1ccc(P(c2ccccc2)c2ccc[cH-]2)cc1~c1ccc(P(c2ccccc2)c2ccc[cH-]2)cc1
O=[N+]([O-])O[Fe](O[N+](=O)[O-])O[N+](=O)[O-],O=[N+]([O-])[O-]~O=[N+]([O-])[O-]~O=[N+]([O-])[O-]~[Fe+3]
CC(C)(C)P(C(C)(C)C)C1([Fe]C2(c3ccccc3)C(c3ccccc3)=C(c3ccccc3)C(c3ccccc3)=C2c2ccccc2)C=CC=C1,CC(C)(C)P([c-]1cccc1)C(C)(C)C~[Fe+2]~c1ccc(-c2c(-c3ccccc3)c(-c3ccccc3)[c-](-c3ccccc3)c2-c2ccccc2)cc1
CC(C)(C)P(C(C)(C)C)C1([Fe]C2(P(C(C)(C)C)C(C)(C)C)C=CC=C2)C=CC=C1,CC(C)(C)P([c-]1cccc1)C(C)(C)C~CC(C)(C)P([c-]1cccc1)C(C)(C)C~[Fe+2]
CC(C)(C)P(C(C)(C)C)C1([Fe]C2(P(C(C)(C)C)C(C)(C)C)C=CC=C2)C=CC=C1,CC(C)(C)P(C1=CC=C[CH]1)C(C)(C)C~CC(C)(C)P(C1=CC=C[CH]1)C(C)(C)C~[Fe]
CC(C)(C)P(C(C)(C)C)C1([Fe]C2(c3ccccc3)C(c3ccccc3)=C(c3ccccc3)C(c3ccccc3)=C2c2ccccc2)C=CC=C1,CC(C)(C)P([C]1[CH][CH][CH][CH]1)C(C)(C)C~[Fe]~c1ccc([C]2[C](c3ccccc3)[C](c3ccccc3)[C](c3ccccc3)[C]2c2ccccc2)cc1
C1=CC(Pc2ccccc2)([Fe]C2(Pc3ccccc3)C=CC=C2)C=C1,[Fe+2]~c1ccc(P[c-]2cccc2)cc1~c1ccc(P[c-]2cccc2)cc1
C[C@H](C1=CC=CC1([Fe]C1C=CC=C1)P(C1CCCCC1)C1CCCCC1)P(C(C)(C)C)C(C)(C)C,C[C@H]([C]1[CH][CH][CH][C]1P(C1CCCCC1)C1CCCCC1)P(C(C)(C)C)C(C)(C)C~[CH]1[CH][CH][CH][CH]1~[Fe]
O=S(=O)(O[Fe]OS(=O)(=O)C(F)(F)F)C(F)(F)F,O=S(=O)([O-])C(F)(F)F~O=S(=O)([O-])C(F)(F)F~[Fe+2]
C1=CC([Fe]C2(P(c3ccccc3)c3ccccc3)C=CC=C2)(P(c2ccccc2)c2ccccc2)C=C1,[CH]1[CH][CH][C](P(c2ccccc2)c2ccccc2)[CH]1~[CH]1[CH][CH][C](P(c2ccccc2)c2ccccc2)[CH]1~[Fe]
C1=CC([Fe]C2(P(C3CCCCC3)C3CCCCC3)C=CC=C2)(P(C2CCCCC2)C2CCCCC2)C=C1,[Fe+2]~c1cc[c-](P(C2CCCCC2)C2CCCCC2)c1~c1cc[c-](P(C2CCCCC2)C2CCCCC2)c1
CC(C)P(C(C)C)C1([Fe]C2(P(C(C)C)C(C)C)C=CC=C2)C=CC=C1,CC(C)P([C]1[CH][CH][CH][CH]1)C(C)C~CC(C)P([C]1[CH][CH][CH][CH]1)C(C)C~[Fe]
Cl[Fe](Cl)Cl,[Cl-]~[Cl-]~[Cl-]~[Fe+3]
N#C[Fe-3](C#N)(C#N)(C#N)(C#N)C#N~[K+]~[K+]~[K+],[C-]#N~[C-]#N~[C-]#N~[C-]#N~[C-]#N~[C-]#N~[Fe+3]~[K+]~[K+]~[K+]
Cl[Fe]Cl,[Cl-]~[Cl-]~[Fe+2]
N#C[Fe-4](C#N)(C#N)(C#N)(C#N)C#N~[K+]~[K+]~[K+]~[K+],[C-]#N~[C-]#N~[C-]#N~[C-]#N~[C-]#N~[C-]#N~[Fe+2]~[K+]~[K+]~[K+]~[K+]
O=[Fe],[Fe+2]~[O-2]
O=[Fe]O[Fe]=O,[Fe+3]~[Fe+3]~[O-2]~[O-2]~[O-2]
Cl[Ni-2](Cl)([P+](c1ccccc1)(c1ccccc1)c1ccccc1)[P+](c1ccccc1)(c1ccccc1)c1ccccc1,Cl[Ni](Cl)([P](c1ccccc1)(c1ccccc1)c1ccccc1)[P](c1ccccc1)(c1ccccc1)c1ccccc1
c1ccc([P+](c2ccccc2)(c2ccccc2)[Ni-4]([P+](c2ccccc2)(c2ccccc2)c2ccccc2)([P+](c2ccccc2)(c2ccccc2)c2ccccc2)[P+](c2ccccc2)(c2ccccc2)c2ccccc2)cc1,c1ccc([P](c2ccccc2)(c2ccccc2)[Ni]([P](c2ccccc2)(c2ccccc2)c2ccccc2)([P](c2ccccc2)(c2ccccc2)c2ccccc2)[P](c2ccccc2)(c2ccccc2)c2ccccc2)cc1
CC(=O)O[Ni]OC(C)=O,CC(=O)[O-]~CC(=O)[O-]~[Ni+2]
Cl[Ni-2]1(Cl)[P+](c2ccccc2)(c2ccccc2)CCC[P+]1(c1ccccc1)c1ccccc1,Cl[Ni]1(Cl)[P](c2ccccc2)(c2ccccc2)CCC[P]1(c1ccccc1)c1ccccc1
Cl[Ni-2]1(Cl)[P+](c2ccccc2)(c2ccccc2)CC[P+]1(c1ccccc1)c1ccccc1,Cl[Ni]1(Cl)[P](c2ccccc2)(c2ccccc2)CC[P]1(c1ccccc1)c1ccccc1
Cl[W](Cl)(Cl)(Cl)(Cl)Cl,[Cl-]~[Cl-]~[Cl-]~[Cl-]~[Cl-]~[Cl-]~[W+6]
CC(=O)O[Cd]OC(C)=O,CC(=O)[O-]~CC(=O)[O-]~O~O~[Cd+2]
O=S(=O)(O[Ag])O[Ag],O=S(=O)([O-])[O-]~[Ag+]~[Ag+]
[O-][Cl+3]([O-])([O-])O[Ag],O~[Ag+]~[O-][Cl+3]([O-])([O-])[O-]
[O-][Cl+3]([O-])([O-])O[Ag],[Ag+]~[O-][Cl+3]([O-])([O-])[O-]
O=[N+]([O-])O[Ag],O=[N+]([O-])[O-]~[Ag+]
O=C(O[Ag])O[Ag],O=C([O-])[O-]~[Ag+]~[Ag+]
O=S(=O)(O[Ag])C(F)(F)F,O=S(=O)([O-])C(F)(F)F~[Ag+]
CC(=O)O[Ag],CC(=O)[O-]~[Ag+]
O=C(O[Ag])C(F)(F)F,O=C([O-])C(F)(F)F~[Ag+]
O=C(O[Ag])c1ccccc1,O=C([O-])c1ccccc1~[Ag+]
Cc1ccc(S(=O)(=O)O[Ag])cc1,Cc1ccc(S(=O)(=O)[O-])cc1~[Ag+]
[Ag]n1ccnc1,[Ag+]~c1c[n-]cn1
[Ag]O[Si](O[Ag])(O[Ag])O[Ag],[Ag+]~[Ag+]~[Ag+]~[Ag+]~[O-][Si]([O-])([O-])[O-]
CC(C)(C)C(=O)O[Ag],CC(C)(C)C(=O)[O-]~[Ag+]
N#CO[Ag],N#C[O-]~[Ag+]
O=NO[Ag],O=N[O-]~[Ag+]
N#C[Ag],[Ag+]~[C-]#N
O=[N+]([O-])O[Bi](O[N+](=O)[O-])O[N+](=O)[O-],O~O~O~O~O~O=[N+]([O-])[O-]~O=[N+]([O-])[O-]~O=[N+]([O-])[O-]~[Bi+3]
O=[N+]([O-])O[Bi](O[N+](=O)[O-])O[N+](=O)[O-],O=[N+]([O-])[O-]~O=[N+]([O-])[O-]~O=[N+]([O-])[O-]~[Bi+3]
O=S(=O)(O[Bi](OS(=O)(=O)C(F)(F)F)OS(=O)(=O)C(F)(F)F)C(F)(F)F,O=S(=O)([O-])C(F)(F)F~O=S(=O)([O-])C(F)(F)F~O=S(=O)([O-])C(F)(F)F~[Bi+3]
C1=CC([Fe]C2(P(c3ccccc3)c3ccccc3)C=CC=C2)(P(c2ccccc2)c2ccccc2)C=C1~Cl[Pd]Cl,Cl[Pd]Cl~[Fe+2]~c1ccc(P(c2ccccc2)[c-]2cccc2)cc1~c1ccc(P(c2ccccc2)[c-]2cccc2)cc1
C1=CC([Fe]C2(P(c3ccccc3)c3ccccc3)C=CC=C2)(P(c2ccccc2)c2ccccc2)C=C1~Cl[Pd]Cl,Clc1cc[c-](P(c2ccccc2)c2ccccc2)c1Cl~[Fe+2]~[Pd+2]~c1ccc(P(c2ccccc2)[c-]2cccc2)cc1
C1=CC([Fe]C2(P(c3ccccc3)c3ccccc3)C=CC=C2)(P(c2ccccc2)c2ccccc2)C=C1~Cl[Pd]Cl,[Fe+2]~[Pd]~c1ccc(P(c2ccccc2)[c-]2cccc2)cc1~c1ccc(P(c2ccccc2)[c-]2cccc2)cc1
C1=CC([Fe]C2(P(c3ccccc3)c3ccccc3)C=CC=C2)(P(c2ccccc2)c2ccccc2)C=C1~Cl[Pd]Cl,Clc1cc[c-](P(c2ccccc2)c2ccccc2)c1Cl~[Fe+2]~[Pd]~c1ccc(P(c2ccccc2)[c-]2cccc2)cc1
C1=CC([Fe]C2(P(c3ccccc3)c3ccccc3)C=CC=C2)(P(c2ccccc2)c2ccccc2)C=C1~Cl[Pd]Cl,[Fe+2]~[Pd+2]~c1ccc(P(c2ccccc2)[c-]2cccc2)cc1~c1ccc(P(c2ccccc2)[c-]2cccc2)cc1
C1=CC([Fe]C2(P(c3ccccc3)c3ccccc3)C=CC=C2)(P(c2ccccc2)c2ccccc2)C=C1~Cl[Pd]Cl,Cl[Pd]Cl~[CH]1[CH][CH][C](P(c2ccccc2)c2ccccc2)[CH]1~[CH]1[CH][CH][C](P(c2ccccc2)c2ccccc2)[CH]1~[CH]1[CH][CH][C](P(c2ccccc2)c2ccccc2)[CH]1~[CH]1[CH][CH][C](P(c2ccccc2)c2ccccc2)[CH]1~[Fe]~[Fe]
C1=CC([Fe]C2C=CC=C2)C=C1~Cl[Pd]Cl,Cl[Pd]Cl~[Fe+2]~c1cc[cH-]c1~c1cc[cH-]c1
C1=CC([Fe]C2(P(C3CCCCC3)C3CCCCC3)C=CC=C2)(P(C2CCCCC2)C2CCCCC2)C=C1~Cl[Pd]Cl,Cl[Pd]Cl~[Fe+2]~c1cc[c-](P(C2CCCCC2)C2CCCCC2)c1~c1cc[c-](P(C2CCCCC2)C2CCCCC2)c1
C1=CC([Fe]C2(P(C3CCCCC3)C3CCCCC3)C=CC=C2)(P(C2CCCCC2)C2CCCCC2)C=C1~Cl[Pd]Cl,Clc1cc[c-](P(C2CCCCC2)C2CCCCC2)c1Cl~[Fe+2]~[Pd+2]~c1cc[c-](P(C2CCCCC2)C2CCCCC2)c1
C1=CC([Fe]C2(P(C3CCCCC3)C3CCCCC3)C=CC=C2)(P(C2CCCCC2)C2CCCCC2)C=C1~Cl[Pd]Cl,Cl[Pd]Cl~[CH]1[CH][CH][C](P(C2CCCCC2)C2CCCCC2)[CH]1~[CH]1[CH][CH][C](P(C2CCCCC2)C2CCCCC2)[CH]1~[Fe]
CC(=O)O[Pd]OC(C)=O,CC(=O)[O-]~CC(=O)[O-]~[Pd+2]
CC(=O)O[Pd]OC(C)=O,CC(=O)O~CC(=O)O~[Pd]
CC(=O)O[Pd]OC(C)=O,CC(=O)[O-]~CC(=O)[O-]~CC(=O)[O-]~CC(=O)[O-]~[Pd+2]~[Pd+2]
CS(=O)(=O)O[Pd]OS(C)(=O)=O,CS(=O)(=O)[O-]~CS(=O)(=O)[O-]~[Pd+2]
O=C(O[Pd]OC(=O)C(F)(F)F)C(F)(F)F,O=C([O-])C(F)(F)F~O=C([O-])C(F)(F)F~[Pd+2]
O=C(O[Pd]OC(=O)C(F)(F)F)C(F)(F)F,O=C(O)C(F)(F)F~O=C(O)C(F)(F)F~[Pd]
CC(=O)/C=C(/C)O[Pd]O/C(C)=C\C(C)=O,CC(=O)/C=C(/C)[O-]~CC(=O)/C=C(/C)[O-]~[Pd+2]
CC(=O)/C=C(/C)O[Pd]O/C(C)=C\C(C)=O,CC(=O)C=C(C)[O-]~CC(=O)C=C(C)[O-]~[Pd+2]
CC(C)(C)C(=O)O[Pd]OC(=O)C(C)(C)C,CC(C)(C)C(=O)[O-]~CC(C)(C)C(=O)[O-]~[Pd+2]
O[Pd]O~[C],[C]~O[Pd]O
O=[Pd],[O-2]~[Pd+2]
Br[Pd]Br,[Br-]~[Br-]~[Pd+2]
O=[Cr](=O)([O-])Cl~c1cc[nH+]cc1,O=[Cr](=O)(O)Cl~c1ccncc1
O=[Cr](=O)=O,[Cr+6]~[O-2]~[O-2]~[O-2]
Cl[Cr]Cl,[Cl-]~[Cl-]~[Cr+2]
O=[Cr](=O)(O[K])O[Cr](=O)(=O)O[K],O=[Cr](=O)([O-])O[Cr](=O)(=O)[O-]~[K+]~[K+]
O=[Cr](=O)(O[Na])O[Cr](=O)(=O)O[Na],O=[Cr](=O)([O-])O[Cr](=O)(=O)[O-]~[Na+]~[Na+]
O=[Cr]O[Cr]=O,[Cr+3]~[Cr+3]~[O-2]~[O-2]~[O-2]
Cl[Cr](Cl)Cl,[Cl-]~[Cl-]~[Cl-]~[Cr+3]
O=[Cr]=O,[Cr+4]~[O-2]~[O-2]
Cl[Au](Cl)Cl,[Au+3]~[Cl-]~[Cl-]~[Cl-]
Cl[Au-](Cl)(Cl)Cl~[Na+],Cl[Au-](Cl)(Cl)Cl~O~O~[Na+]
[AlH4-]~[Li+],[2H][Al-]([2H])([2H])[2H]~[Li+]
[AlH4-]~[Li+],[Al+3]~[H-]~[H-]~[H-]~[H-]~[Li+]
[AlH4-]~[Li+],[Li][AlH4]
Cl[Al](Cl)Cl,[Al+3]~[Cl-]~[Cl-]~[Cl-]
CC(C)C[AlH]CC(C)C,CC(C)C[Al+]CC(C)C~[H-]
CC(C)C[AlH]CC(C)C,[2H][Al](CC(C)C)CC(C)C
C[Al](C)C,[Al+3]~[CH3-]~[CH3-]~[CH3-]
O=[Al]O[Al]=O,[Al+3]~[Al+3]~[O-2]~[O-2]~[O-2]
COCCO[AlH2-]OCCOC~[Na+],COCCO[Al+]OCCOC~[H-]~[H-]~[Na+]
COCCO[AlH2-]OCCOC~[Na+],COCCO[Al+]OCCOC~[H-]~[Na]
CC(C)O[Al](OC(C)C)OC(C)C,CC(C)[O-]~CC(C)[O-]~CC(C)[O-]~[Al+3]
CC(C)C[AlH]CC(C)C.Cc1ccccc1,CC(C)C[Al+]CC(C)C~Cc1ccccc1~[H-]
CCCC[AlH]CCCC.Cc1ccccc1,CCCC[Al+]CCCC~Cc1ccccc1~[H-]
c1ccc([P+](c2ccccc2)(c2ccccc2)[Pd-4]([P+](c2ccccc2)(c2ccccc2)c2ccccc2)([P+](c2ccccc2)(c2ccccc2)c2ccccc2)[P+](c2ccccc2)(c2ccccc2)c2ccccc2)cc1,[Pd]~c1ccc(P(c2ccccc2)c2ccccc2)cc1~c1ccc(P(c2ccccc2)c2ccccc2)cc1~c1ccc(P(c2ccccc2)c2ccccc2)cc1~c1ccc(P(c2ccccc2)c2ccccc2)cc1
C1=CC([Fe]C2(P(c3ccccc3)c3ccccc3)C=CC=C2)(P(c2ccccc2)c2ccccc2)C=C1~Cl[Pd]Cl,ClCl~[Fe+2]~[Pd]~c1ccc(P(c2ccccc2)[c-]2cccc2)cc1~c1ccc(P(c2ccccc2)[c-]2cccc2)cc1
C1=CC([Fe]C2(P(c3ccccc3)c3ccccc3)C=CC=C2)(P(c2ccccc2)c2ccccc2)C=C1~Cl[Pd]Cl,Cl[Pd]Cl~[CH]1[CH][CH][C](P(c2ccccc2)c2ccccc2)[CH]1~[CH]1[CH][CH][C](P(c2ccccc2)c2ccccc2)[CH]1~[Fe]
C1=CC([Fe]C2(P(c3ccccc3)c3ccccc3)C=CC=C2)(P(c2ccccc2)c2ccccc2)C=C1~Cl[Pd]Cl,Cl[Pd]Cl~[Fe+2]~c1ccc(P(c2ccccc2)c2cc[cH-]c2)cc1~c1ccc(P(c2ccccc2)c2cc[cH-]c2)cc1
C1=CC([Fe]C2(P(c3ccccc3)c3ccccc3)C=CC=C2)(P(c2ccccc2)c2ccccc2)C=C1~Cl[Pd]Cl,Cl[Pd]Cl~[Fe+2]~c1ccc(P(c2ccccc2)c2ccc[cH-]2)cc1~c1ccc(P(c2ccccc2)c2ccc[cH-]2)cc1
C1=CC([Fe]C2(P(c3ccccc3)c3ccccc3)C=CC=C2)(P(c2ccccc2)c2ccccc2)C=C1~Cl[Pd]Cl,[Cl-]~[Cl-]~[Fe+2]~[Pd+2]~c1ccc(P(c2ccccc2)[c-]2cccc2)cc1~c1ccc(P(c2ccccc2)[c-]2cccc2)cc1
C1=CC([Fe]C2(P(c3ccccc3)c3ccccc3)C=CC=C2)(P(c2ccccc2)c2ccccc2)C=C1~Cl[Pd]Cl,[Cl-]~[Cl-]~[Fe+2]~[Pd+2]~c1ccc(P(c2ccccc2)c2ccc[cH-]2)cc1~c1ccc(P(c2ccccc2)c2ccc[cH-]2)cc1
Cl[Pd-2](Cl)([P+](c1ccccc1)(c1ccccc1)c1ccccc1)[P+](c1ccccc1)(c1ccccc1)c1ccccc1,ClCl~[Pd]~c1ccc(P(c2ccccc2)c2ccccc2)cc1~c1ccc(P(c2ccccc2)c2ccccc2)cc1
Cl[Pd-2](Cl)([P+](c1ccccc1)(c1ccccc1)c1ccccc1)[P+](c1ccccc1)(c1ccccc1)c1ccccc1,Cl[Pd]Cl~c1ccc(P(c2ccccc2)c2ccccc2)cc1~c1ccc(P(c2ccccc2)c2ccccc2)cc1
Cl[Pd-2](Cl)([P+](c1ccccc1)(c1ccccc1)c1ccccc1)[P+](c1ccccc1)(c1ccccc1)c1ccccc1,[Cl-]~[Cl-]~[Pd+2]~c1ccc(P(c2ccccc2)c2ccccc2)cc1~c1ccc(P(c2ccccc2)c2ccccc2)cc1
C1=CC([Fe]C2(P(c3ccccc3)c3ccccc3)C=CC=C2)(P(c2ccccc2)c2ccccc2)C=C1~Cl[Pd]Cl.ClCCl,ClCCl~Cl[Pd]Cl~[CH]1[CH][CH][C](P(c2ccccc2)c2ccccc2)[CH]1~[CH]1[CH][CH][C](P(c2ccccc2)c2ccccc2)[CH]1~[Fe]
O[Pd]O,[OH-]~[OH-]~[Pd+2]
[C]~[Pd],[C][Pd]
Cl[Pd]Cl,[Cl-]~[Cl-]~[Pd+2]
CC(C)(C)[P+]([Pd-2][P+](C(C)(C)C)(C(C)(C)C)C(C)(C)C)(C(C)(C)C)C(C)(C)C,CC(C)(C)P(C(C)(C)C)C(C)(C)C~CC(C)(C)P(C(C)(C)C)C(C)(C)C~[Pd]
CCCC[P+](CCCC)(CCCC)[Pd-2][P+](CCCC)(CCCC)CCCC,CCCCP(CCCC)CCCC~CCCCP(CCCC)CCCC~[Pd]
O=[Pt]=O,[O-2]~[O-2]~[Pt+4]
O=[Pt]=O,O~O=[Pt]
O=[Pt],[O-2]~[Pt+2]
[C]~[Pt],[C][Pt]
O=[Pt]=O,[OH-]~[OH-]~[Pt+2]
Cl[Pt]Cl,[Cl-]~[Cl-]~[Pt+2]
c1ccc([P+](c2ccccc2)(c2ccccc2)[Pt-4]([P+](c2ccccc2)(c2ccccc2)c2ccccc2)([P+](c2ccccc2)(c2ccccc2)c2ccccc2)[P+](c2ccccc2)(c2ccccc2)c2ccccc2)cc1,[Pt]~c1ccc(P(c2ccccc2)c2ccccc2)cc1~c1ccc(P(c2ccccc2)c2ccccc2)cc1~c1ccc(P(c2ccccc2)c2ccccc2)cc1~c1ccc(P(c2ccccc2)c2ccccc2)cc1
C=C[Si](C)(C)O[Si](C)(C)C=C~[Pt],C=C[Si](C)(C=C)O[Si](C)(C)C~[Pt]
[Pt]~[S]~[C],[Pt+2]~[S-2]
CC(=O)/C=C(/C)O[Pt]O/C(C)=C\C(C)=O,CC(=O)/C=C(/C)[O-]~CC(=O)/C=C(/C)[O-]~[Pt+2]
Cl[Ru](Cl)Cl,[Cl-]~[Cl-]~[Cl-]~[Ru+3]
Cc1cc(C)c(N2CCN(c3c(C)cc(C)cc3C)C2=[Ru-](Cl)(Cl)(=Cc2ccccc2)[P+](C2CCCCC2)(C2CCCCC2)C2CCCCC2)c(C)c1,C1CCC(P(C2CCCCC2)C2CCCCC2)CC1~Cc1cc(C)c(N2CCN(c3c(C)cc(C)cc3C)C2=[Ru](Cl)(Cl)=Cc2ccccc2)c(C)c1
Cc1cc(C)c(N2CCN(c3c(C)cc(C)cc3C)C2=[Ru-](Cl)(Cl)(=Cc2ccccc2)[P+](C2CCCCC2)(C2CCCCC2)C2CCCCC2)c(C)c1,Cc1cc(C)c(N2CCN(c3c(C)cc(C)cc3C)C2=[Ru](Cl)(Cl)(=Cc2ccccc2)=P(C2CCCCC2)(C2CCCCC2)C2CCCCC2)c(C)c1
Cl[Ru-2](Cl)(=Cc1ccccc1)([P+](C1CCCCC1)(C1CCCCC1)C1CCCCC1)[P+](C1CCCCC1)(C1CCCCC1)C1CCCCC1,C1CCC(P(C2CCCCC2)C2CCCCC2)CC1~C1CCC(P(C2CCCCC2)C2CCCCC2)CC1~Cl[Ru](Cl)=Cc1ccccc1
Cc1ccc(C(C)C)cc1~Cc1ccc(S(=O)(=O)N([Ru]Cl)[C@@H](c2ccccc2)[C@@H](N)c2ccccc2)cc1,Cc1ccc(C(C)C)cc1~Cc1ccc(S(=O)(=O)[N-][C@@H](c2ccccc2)[C@@H](N)c2ccccc2)cc1~[Cl-]~[Ru+2]
Cc1ccc(C(C)C)cc1~Cc1ccc(S(=O)(=O)N([Ru]Cl)[C@H](c2ccccc2)[C@H](N)c2ccccc2)cc1,Cc1ccc(C(C)C)cc1~Cc1ccc(S(=O)(=O)[N-][C@H](c2ccccc2)[C@H](N)c2ccccc2)cc1~[Cl-]~[Ru+2]
Cl[Ru-3](Cl)([P+](c1ccccc1)(c1ccccc1)c1ccccc1)([P+](c1ccccc1)(c1ccccc1)c1ccccc1)[P+](c1ccccc1)(c1ccccc1)c1ccccc1,Cl[Ru]Cl~c1ccc(P(c2ccccc2)c2ccccc2)cc1~c1ccc(P(c2ccccc2)c2ccccc2)cc1~c1ccc(P(c2ccccc2)c2ccccc2)cc1
CC(=O)O[Rh]OC(C)=O,CC(=O)O[Rh](OC(C)=O)[Rh](OC(C)=O)OC(C)=O
Cl[Rh-3]([P+](c1ccccc1)(c1ccccc1)c1ccccc1)([P+](c1ccccc1)(c1ccccc1)c1ccccc1)[P+](c1ccccc1)(c1ccccc1)c1ccccc1,Cl[Rh]~c1ccc(P(c2ccccc2)c2ccccc2)cc1~c1ccc(P(c2ccccc2)c2ccccc2)cc1~c1ccc(P(c2ccccc2)c2ccccc2)cc1
Cl[Rh](Cl)Cl,[Cl-]~[Cl-]~[Cl-]~[Rh+3]
CC(=O)/C=C(/C)O[V](=O)O/C(C)=C\C(C)=O,CC(=O)/C=C(\C)O[V](=O)O/C(C)=C/C(C)=O
Cl[Ni]Cl,[Cl-]~[Cl-]~[Ni+2]
Cl[Ni]Cl,O~O~O~O~O~O~[Cl-]~[Cl-]~[Ni+2]
Cl[Ni-2]1(Cl)[P+](c2ccccc2)(c2ccccc2)CCC[P+]1(c1ccccc1)c1ccccc1,CC(C)(P(c1ccccc1)c1ccccc1)P(c1ccccc1)c1ccccc1~Cl[Ni]Cl
Cl[Ni-2]1(Cl)[P+](c2ccccc2)(c2ccccc2)CCC[P+]1(c1ccccc1)c1ccccc1,Cl[Ni]Cl~c1ccc(P(CCCP(c2ccccc2)c2ccccc2)c2ccccc2)cc1
Cl[Ni-2]1(Cl)[P+](c2ccccc2)(c2ccccc2)CCC[P+]1(c1ccccc1)c1ccccc1,[Cl-]~[Cl-]~[Ni+2]~c1ccc(P(CCCP(c2ccccc2)c2ccccc2)c2ccccc2)cc1
Cl[Ni-2](Cl)([P+](c1ccccc1)(c1ccccc1)c1ccccc1)[P+](c1ccccc1)(c1ccccc1)c1ccccc1,Cl[Ni]Cl~c1ccc(P(c2ccccc2)c2ccccc2)cc1~c1ccc(P(c2ccccc2)c2ccccc2)cc1
C1=CCCC=CCC1~C1=CCCC=CCC1~[Ni],C1=CCCCCC=C1~C1=CCCCCC=C1~[Ni]
Cl[Ni-2]1(Cl)[P+](c2ccccc2)(c2ccccc2)CC[P+]1(c1ccccc1)c1ccccc1,CC(P(c1ccccc1)c1ccccc1)P(c1ccccc1)c1ccccc1~Cl[Ni]Cl
Cl[Ni-2]1(Cl)[P+](c2ccccc2)(c2ccccc2)CC[P+]1(c1ccccc1)c1ccccc1,Cl[Ni]Cl~c1ccc(P(CCP(c2ccccc2)c2ccccc2)c2ccccc2)cc1
Br[Ni]Br,[Br-]~[Br-]~[Ni+2]
CC(=O)/C=C(/C)O[Ni]O/C(C)=C\C(C)=O,CC(=O)/C=C(/C)[O-]~CC(=O)/C=C(/C)[O-]~[Ni+2]
[Al]~[Ni],[Al][Ni]
I[Ni]I,[I-]~[I-]~[Ni+2]
[H][H].[Ni],[H][H]~[Ni]
Cl[Ac](Cl)Cl,Cl[Ac]
Br[Ac](Br)Br,Br[Ac]
CC(=O)O[Ag],C[C]1O[Ag]O1
[AlH4-]~[Li+],[Li][AlH2]
C[Al](N)Cl,N[Al]CCl
CC(C)(C)O[AlH-](OC(C)(C)C)OC(C)(C)C~[Li+],CC(C)(C)O[AlH-](OC(C)(C)C)OC(C)(C)C
CN1C2=[Ir]34(=C5N(C)c6nccnc6N5c5ccccc53)(=C3N(C)c5nccnc5N3c3ccccc34)c3ccccc3N2c2nccnc21,CN1c2nccnc2N2c3ccccc3[Ir]34(c5ccccc5N5c6nccnc6N(C)C53)(c3ccccc3N3c5nccnc5N(C)C34)C12
CC(C)N1C2=[Ir]34(=C5N(c6ccccc63)c3nccnc3N5C(C)C)(=C3N(c5ccccc54)c4nccnc4N3C(C)C)c3ccccc3N2c2nccnc21,CC(C)N1c2nccnc2N2c3ccccc3[Ir]34(c5ccccc5N5c6nccnc6N(C(C)C)C53)(c3ccccc3N3c5nccnc5N(C(C)C)C34)C21
c1ccc(N2C3=[Ir]45(=C6N(c7ccccc7)c7nccnc7N6c6ccccc64)(=C4N(c6ccccc6)c6nccnc6N4c4ccccc45)c4ccccc4N3c3nccnc32)cc1,c1ccc(N2c3nccnc3N3c4ccccc4[Ir]45(c6ccccc6N6c7nccnc7N(c7ccccc7)C64)(c4ccccc4N4c6nccnc6N(c6ccccc6)C45)C23)cc1
C[Ir](Cl)(C1=CCC[C@]2(C=CC2)C1)=c1n(-c2ccccc2)c2nccnc2n1-c1ccccc1,C[Ir](Cl)(C1=CCC[C@]2(C=CC2)C1)C1N(c2ccccc2)c2nccnc2N1c1ccccc1
Cc1cc(-c2ccccc2)ccc1N1C2=[Ir]34(=C5N(c6ccc(-c7ccccc7)cc6C)c6nccnc6N5c5ccccc53)(=C3N(c5ccc(-c6ccccc6)cc5C)c5nccnc5N3c3ccccc34)c3ccccc3N2c2nccnc21,Cc1cc(-c2ccccc2)ccc1N1c2nccnc2N2c3ccccc3[Ir]34(c5ccccc5N5c6nccnc6N(c6ccc(-c7ccccc7)cc6C)C53)(c3ccccc3N3c5nccnc5N(c5ccc(-c6ccccc6)cc5C)C34)C12
Cc1ccccc1-c1ccc2c(c1)N1C(=[Ir]34(=C5N(c6ccccc6C)c6ccc(-c7ccccc7C)cc6N5c5ccccc53)(=C3N(c5ccccc5C)c5ccc(-c6ccccc6C)cc5N3c3ccccc34)c3ccccc31)N2c1ccccc1C,Cc1ccccc1-c1ccc2c(c1)N1c3ccccc3[Ir]34(c5ccccc5N5c6cc(-c7ccccc7C)ccc6N(c6ccccc6C)C53)(c3ccccc3N3c5cc(-c6ccccc6C)ccc5N(c5ccccc5C)C34)C1N2c1ccccc1C
c1ccc(-c2ccccc2N2C3=[Ir]45(=C6N(c7ccccc7-c7ccccc7)c7nccnc7N6c6ccccc64)(=C4N(c6ccccc6-c6ccccc6)c6nccnc6N4c4ccccc45)c4ccccc4N3c3nccnc32)cc1,c1ccc(-c2ccccc2N2c3nccnc3N3c4ccccc4[Ir]45(c6ccccc6N6c7nccnc7N(c7ccccc7-c7ccccc7)C64)(c4ccccc4N4c6nccnc6N(c6ccccc6-c6ccccc6)C45)C23)cc1
CCc1ccc(N2C3=[Ir]45(=C6N(c7ccc(CC)cc7)c7nccnc7N6c6ccc(CC)cc64)(=C4N(c6ccc(CC)cc6)c6nccnc6N4c4ccc(CC)cc45)c4cc(CC)ccc4N3c3nccnc32)cc1,CCc1ccc(N2c3nccnc3N3c4ccc(CC)cc4[Ir]45(c6cc(CC)ccc6N6c7nccnc7N(c7ccc(CC)cc7)C64)(c4cc(CC)ccc4N4c6nccnc6N(c6ccc(CC)cc6)C45)C23)cc1
CN1C2=[Ir]34(=C5N(C)c6cccnc6N5c5cc(-c6ccccc6)ccc53)(=C3N(C)c5cccnc5N3c3cc(-c5ccccc5)ccc34)c3ccc(-c4ccccc4)cc3N2c2ncccc21,CN1c2cccnc2N2c3cc(-c4ccccc4)ccc3[Ir]34(c5ccc(-c6ccccc6)cc5N5c6ncccc6N(C)C53)(c3ccc(-c5ccccc5)cc3N3c5ncccc5N(C)C34)C12
Cc1ccc2c(c1)N1C(=[Ir]234(=C2N(C)c5cccnc5N2c2cc(C)ccc23)=C2N(C)c3cccnc3N2c2cc(C)ccc24)N(C)c2cccnc21,Cc1ccc2c(c1)N1c3ncccc3N(C)C1[Ir]213(c2ccc(C)cc2N2c4ncccc4N(C)C21)c1ccc(C)cc1N1c2ncccc2N(C)C13
CN1C2=[Ir]34(=C5N(C)c6cccnc6N5c5c3ccc3c5oc5ccccc53)(=C3N(C)c5cccnc5N3c3c4ccc4c3oc3ccccc34)c3ccc4c(oc5ccccc54)c3N2c2ncccc21,CN1c2cccnc2N2c3c(ccc4c3oc3ccccc34)[Ir]34(c5ccc6c(oc7ccccc76)c5N5c6ncccc6N(C)C53)(c3ccc5c(oc6ccccc65)c3N3c5ncccc5N(C)C34)C12
CN1C2=[Ir]34(=C5N(C)c6ccc(-c7ccccc7)nc6N5c5ccccc53)(=C3N(C)c5ccc(-c6ccccc6)nc5N3c3ccccc34)c3ccccc3N2c2nc(-c3ccccc3)ccc21,CN1c2ccc(-c3ccccc3)nc2N2c3ccccc3[Ir]34(c5ccccc5N5c6nc(-c7ccccc7)ccc6N(C)C53)(c3ccccc3N3c5nc(-c6ccccc6)ccc5N(C)C34)C12
Cc1cnc2c(c1)N(C)C1=[Ir]34(=C5N(C)c6cc(C)cnc6N5c5cc(C)ccc53)(=C3N(C)c5cc(C)cnc5N3c3cc(C)ccc34)c3ccc(C)cc3N12,Cc1cnc2c(c1)N(C)C1N2c2cc(C)ccc2[Ir]123(c1ccc(C)cc1N1c4ncc(C)cc4N(C)C12)c1ccc(C)cc1N1c2ncc(C)cc2N(C)C13
CC(C)c1ccc(N2C3=[Ir]45(=C6N(c7ccc(C(C)C)cc7)c7nccnc7N6c6ccc(C(C)C)cc64)(=C4N(c6ccc(C(C)C)cc6)c6nccnc6N4c4ccc(C(C)C)cc45)c4cc(C(C)C)ccc4N3c3nccnc32)cc1,CC(C)c1ccc(N2c3nccnc3N3c4ccc(C(C)C)cc4[Ir]45(c6cc(C(C)C)ccc6N6c7nccnc7N(c7ccc(C(C)C)cc7)C64)(c4cc(C(C)C)ccc4N4c6nccnc6N(c6ccc(C(C)C)cc6)C45)C23)cc1
c1ccc(-c2ccccc2N2C3=[Ir]45(=C6N(c7ccccc7-c7ccccc7)c7cccnc7N6c6ccccc64)(=C4N(c6ccccc6-c6ccccc6)c6cccnc6N4c4ccccc45)c4ccccc4N3c3ncccc32)cc1,c1ccc(-c2ccccc2N2c3cccnc3N3c4ccccc4[Ir]45(c6ccccc6N6c7ncccc7N(c7ccccc7-c7ccccc7)C64)(c4ccccc4N4c6ncccc6N(c6ccccc6-c6ccccc6)C45)C23)cc1
CC(C)c1cccc(C(C)C)c1-n1ccn(-c2c(C(C)C)cccc2C(C)C)c1=[Au]c1c(F)c(F)c(F)c(F)c1F,CC(C)c1cccc(C(C)C)c1N1C=CN(c2c(C(C)C)cccc2C(C)C)C1[Au]c1c(F)c(F)c(F)c(F)c1F
CC(C)c1cccc(C(C)C)c1-n1ccn(-c2c(C(C)C)cccc2C(C)C)c1=[Au](C)(C(F)(F)F)C(F)(F)F,CC(C)c1cccc(C(C)C)c1N1C=CN(c2c(C(C)C)cccc2C(C)C)C1[Au](C)(C(F)(F)F)C(F)(F)F
O=[Bi]O[Bi]=O,O=[Bi+]
N#C[Zn]C#N,N#C[Zn]
CC(C)(C)[P+]1(C(C)(C)C)N=C2C=CC=C3N[P+](C(C)(C)C)(C(C)(C)C)[NiH-2]1N32,CC(C)(C)[P]1(C(C)(C)C)N=C2C=CC=C3N[P](C(C)(C)C)(C(C)(C)C)[NiH]1N32
O=C1CC[Ni-2]2(O1)[P+](C1CCCCC1)(C1CCCCC1)CC[P+]2(C1CCCCC1)C1CCCCC1,O=C1CC[Ni]2(O1)[P](C1CCCCC1)(C1CCCCC1)CC[P]2(C1CCCCC1)C1CCCCC1
c1cnc2c(c1)N1C(=[Os]3=C4Sc5ncccc5N4c4cccc1c43)S2,c1cnc2c(c1)N1c3cccc4c3[Os](C1S2)C1Sc2ncccc2N41
Cl[Cu]1=C2Sc3ncccc3N2c2cccc(c2)N2C=1Sc1ncccc12,Cl[Cu]1C2Sc3ncccc3N2c2cccc(c2)N2c3cccnc3SC21
c1ccc([P+](c2ccccc2)(c2ccccc2)[Pd-4]([P+](c2ccccc2)(c2ccccc2)c2ccccc2)([P+](c2ccccc2)(c2ccccc2)c2ccccc2)[P+](c2ccccc2)(c2ccccc2)c2ccccc2)cc1,c1ccc([PH](c2ccccc2)(c2ccccc2)[Pd-4]([PH](c2ccccc2)(c2ccccc2)c2ccccc2)([PH](c2ccccc2)(c2ccccc2)c2ccccc2)[PH](c2ccccc2)(c2ccccc2)c2ccccc2)cc1
CCC(CC)c1cccc(C(CC)CC)c1-n1ccn(-c2c(C(CC)CC)cccc2C(CC)CC)c1=[Pd](Cl)(Cl)c1ncccc1Cl,CCC(CC)c1cccc(C(CC)CC)c1-n1ccn(-c2c(C(CC)CC)cccc2C(CC)CC)c1=[Pd-3](Cl)(Cl)c1ncccc1Cl
Cl[Pd-2](Cl)([P+](c1ccccc1)(c1ccccc1)c1ccccc1)[P+](c1ccccc1)(c1ccccc1)c1ccccc1,Cl[Pd]([PH](c1ccccc1)(c1ccccc1)c1ccccc1)[PH](c1ccccc1)(c1ccccc1)c1ccccc1
[Pd]~C.[H][H],[C][PdH2]
CC(C)(C)[P+]([Pd-2][P+](C(C)(C)C)(C(C)(C)C)C(C)(C)C)(C(C)(C)C)C(C)(C)C,CC(C)(C)[PH]([Pd-2][PH](C(C)(C)C)(C(C)(C)C)C(C)(C)C)(C(C)(C)C)C(C)(C)C
Cl[Pd-2](Cl)([P+](C1CCCCC1)(C1CCCCC1)C1CCCCC1)[P+](C1CCCCC1)(C1CCCCC1)C1CCCCC1,Cl[Pd](Cl)([PH](C1CCCCC1)(C1CCCCC1)C1CCCCC1)[PH](C1CCCCC1)(C1CCCCC1)C1CCCCC1
CC(C)c1cccc(C(C)C)c1-n1ccn(-c2c(C(C)C)cccc2C(C)C)c1=[Pd-](Cl)(Cl)[n+]1cccc(Cl)c1,CC(C)c1cccc(C(C)C)c1-n1ccn(-c2c(C(C)C)cccc2C(C)C)c1=[Pd-3](Cl)(Cl)c1ncccc1Cl
Br[Pd-2](Br)([P+](c1ccccc1)(c1ccccc1)c1ccccc1)[P+](c1ccccc1)(c1ccccc1)c1ccccc1,Br[Pd](Br)([PH](c1ccccc1)(c1ccccc1)c1ccccc1)[PH](c1ccccc1)(c1ccccc1)c1ccccc1
Cl[Pd-2](Cl)([P+](c1ccccc1)(c1ccccc1)c1ccccc1)[P+](c1ccccc1)(c1ccccc1)c1ccccc1,Cl[Pd](Cl)([P+](c1ccccc1)(c1ccccc1)c1ccccc1)[P+](c1ccccc1)(c1ccccc1)c1ccccc1
CC(C)c1cccc(C(C)C)c1-n1ccn(-c2c(C(C)C)cccc2C(C)C)c1=[Pd](Cl)CC=Cc1ccccc1,CC(C)c1cccc(C(C)C)c1-n1ccn(-c2c(C(C)C)cccc2C(C)C)c1=[Pd-2](Cl)CC=Cc1ccccc1
CC(C)(C)[P+](C(C)(C)C)(C(C)(C)C)[Pd-2](Cl)(Cl)[P+](c1ccccc1)(C1CCCCC1)C1CCCCC1,CC(C)(C)[P+](C(C)(C)C)(C(C)(C)C)[Pd](Cl)(Cl)[P+](c1ccccc1)(C1CCCCC1)C1CCCCC1
O=C[RuH-3](Cl)([P+](c1ccccc1)(c1ccccc1)c1ccccc1)([P+](c1ccccc1)(c1ccccc1)c1ccccc1)[P+](c1ccccc1)(c1ccccc1)c1ccccc1,O=C[RuH](Cl)([P](c1ccccc1)(c1ccccc1)c1ccccc1)([P](c1ccccc1)(c1ccccc1)c1ccccc1)[P](c1ccccc1)(c1ccccc1)c1ccccc1
Cc1cc(C)c(N2CCN(c3c(C)cc(C)cc3C)C2=[Ru-](Cl)(Cl)(=C(F)F)[P+](C2CCCCC2)(C2CCCCC2)C2CCCCC2)c(C)c1,Cc1cc(C)c(N2CCN(c3c(C)cc(C)cc3C)C2[Ru](Cl)(Cl)(=C(F)F)[P](C2CCCCC2)(C2CCCCC2)C2CCCCC2)c(C)c1
Cc1cc(C)c(N2CCN(c3c(C)cc(C)cc3C)C2=[Ru-](Cl)(Cl)(=Cc2ccccc2)[P+](C2CCCCC2)(C2CCCCC2)C2CCCCC2)c(C)c1,Cc1cc(C)c(N2CCN(c3c(C)cc(C)cc3C)[C-]2[Ru](Cl)(Cl)(=Cc2ccccc2)[PH](C2CCCCC2)(C2CCCCC2)C2CCCCC2)c(C)c1
Cl[Ru-2](Cl)(=C1C=C(c2ccccc2)c2ccccc21)([P+](C1CCCCC1)(C1CCCCC1)C1CCCCC1)[P+](C1CCCCC1)(C1CCCCC1)C1CCCCC1,Cl[Ru](Cl)(=C1C=C(c2ccccc2)c2ccccc21)([P](C1CCCCC1)(C1CCCCC1)C1CCCCC1)[P](C1CCCCC1)(C1CCCCC1)C1CCCCC1
Cl[Ru-2](Cl)(=CC1CC(/C=C\c2ccccc2)CC1Cn1c2ccccc2c2ccccc21)([P+](C1CCCCC1)(C1CCCCC1)C1CCCCC1)[P+](C1CCCCC1)(C1CCCCC1)C1CCCCC1,Cl[Ru](Cl)(=CC1CC(/C=C\c2ccccc2)CC1Cn1c2ccccc2c2ccccc21)([P](C1CCCCC1)(C1CCCCC1)C1CCCCC1)[P](C1CCCCC1)(C1CCCCC1)C1CCCCC1
Cl[Ru-2](Cl)(=C1C=C(c2ccccc2)c2ccccc21)([P+](c1ccccc1)(c1ccccc1)c1ccccc1)[P+](c1ccccc1)(c1ccccc1)c1ccccc1,Cl[Ru](Cl)(=C1C=C(c2ccccc2)c2ccccc21)([P](c1ccccc1)(c1ccccc1)c1ccccc1)[P](c1ccccc1)(c1ccccc1)c1ccccc1
CC(C)Oc1ccccc1C=[Ru-](Cl)(Cl)[P+](C1CCCCC1)(C1CCCCC1)C1CCCCC1,CC(C)Oc1ccccc1C=[Ru](Cl)(Cl)[P](C1CCCCC1)(C1CCCCC1)C1CCCCC1
Cl[Ru-3]1(Cl)([P+](c2ccccc2)(c2ccccc2)c2ccccc2)[P+](c2ccccc2)(c2ccccc2)CCCC[P+]1(c1ccccc1)c1ccccc1,Cl[Ru]1(Cl)([P](c2ccccc2)(c2ccccc2)c2ccccc2)[P](c2ccccc2)(c2ccccc2)CCCC[P]1(c1ccccc1)c1ccccc1
O=C1c2ccccc2C(=O)N1CC1CC(/C=C\c2ccccc2)CC1C=[Ru-2](Cl)(Cl)([P+](C1CCCCC1)(C1CCCCC1)C1CCCCC1)[P+](C1CCCCC1)(C1CCCCC1)C1CCCCC1,O=C1c2ccccc2C(=O)N1CC1CC(/C=C\c2ccccc2)CC1C=[Ru](Cl)(Cl)([P](C1CCCCC1)(C1CCCCC1)C1CCCCC1)[P](C1CCCCC1)(C1CCCCC1)C1CCCCC1
Cc1cc(C)c(N2CCN(c3c(C)cc(C)cc3C)C2[Ru-](Cl)(Cl)(=C(Cl)Cl)[P+](C2CCCCC2)(C2CCCCC2)C2CCCCC2)c(C)c1,Cc1cc(C)c(N2CCN(c3c(C)cc(C)cc3C)C2[Ru](Cl)(Cl)(=C(Cl)Cl)[P](C2CCCCC2)(C2CCCCC2)C2CCCCC2)c(C)c1
Cc1ccccc1C1=CC(=[Ru-2](Cl)(Cl)([P+](C2CCCCC2)(C2CCCCC2)C2CCCCC2)[P+](C2CCCCC2)(C2CCCCC2)C2CCCCC2)c2cccc(C)c21,Cc1ccccc1C1=CC(=[Ru](Cl)(Cl)([P](C2CCCCC2)(C2CCCCC2)C2CCCCC2)[P](C2CCCCC2)(C2CCCCC2)C2CCCCC2)c2cccc(C)c21
I[Sm]I,I[Sm]
O=C(O[K])O[K],O=C([O-])[O-]~[K+]~[K+]
CC(C)(C)O[K],CC(C)(C)[O-]~[K+]
CC(C)CO[K],CCC(C)[O-]~[K+]
CCCCO[K],CCCC[O-]~[K+]
O=P(O[K])(O[K])O[K],O=P([O-])([O-])[O-]~[K+]~[K+]~[K+]
[K]I,[I-]~[K+]
F[K],[F-]~[K+]
O[K],[K+]~[OH-]
N#C[K],[C-]#N~[K+]
C[Si](C)(C)N([K])[Si](C)(C)C,C[Si](C)(C)[N-][Si](C)(C)C~[K+]
[K]Br,[Br-]~[K+]
O=S(=O)(O)O[K],O=S(=O)([O-])O~[K+]
O=S(OO)O[K],O=S([O-])OO~[K+]
[K]I,[I]~[K]
[K]I,[I-]~[K+]
[Li]C(C)(C)C,C[C-](C)C~[Li+]
[Li]C(C)CC,C[CH-]CC~[Li+]
[Li]CC(C)C,[CH2-]C(C)C~[Li+]
[Li]CCCC,[CH2-]CCC~[Li+]
[Li]O,[2H]O[Li]
[Li]O,[Li+]~[OH-]
[Li]N(CCC)CCC,CCC[N-]CCC~[Li+]
[Li]N([Si](C)(C)C)[Si](C)(C)C,C[Si](C)(C)[N-][Si](C)(C)C~[Li+]
[Li]N(C(C)C)C(C)C,CC(C)[N-]C(C)C~[Li+]
[Li]Cl,[Cl-]~[Li+]
[BH4-]~[Li+],[B+3]~[H-]~[H-]~[H-]~[H-]~[Li+]
[Li]C,[2H]C([2H])([2H])[Li]
[Li]C,[CH3-]~[Li+]
[Li]Br,[Br-]~[Li+]
CCCCCC.[Li]CCCC,CCCCCC~[CH2-]CCC~[Li+]
CCCCCC.[Li]CCCC,CCCCCC~[CH2]CCC~[Li]
O[Na],[2H][O-]~[Na+]
O[Na],[Na+]~[OH-]
[NaH],[24NaH]
[NaH],[7NaH]
[NaH],[H-]~[Na+]
[NaH],[Na][H]
O=C(O)O[Na],O=C([O-])O~[Na+]
[BH4-]~[Na+],[2H][B-]([2H])([2H])[2H]~[Na+]
[BH4-]~[Na+],[B+3]~[H-]~[H-]~[H-]~[H-]~[Na+]
O=C(O[Na])O[Na],O=C([O-])[O-]~[Na+]~[Na+]
CC(=O)O[BH-](OC(C)=O)OC(C)=O~[Na+],CC(=O)OOC(C)=O~O=C(O)CB[Na]
[BH3-]C#N~[Na+],B~N#C[Na]
[BH3-]C#N~[Na+],BC#N~[H-]~[Na+]
CO[Na],[2H]C([2H])([2H])O[Na]
CO[Na],C[O-]~[Na+]
CC(=O)O[Na],CC(=O)[O-]~[Na+]
C1CCOC1.[NaH],C1CCOC1~[NaH]
C1CCOC1.[NaH],C1CCOC1~[H-]~[Na+]
CC(C)(C)O[Na],CC(C)(C)[O-]~[Na+]
CC(C)CO[Na],CC(C)C[O-]~[Na+]
CCC(C)O[Na],CCC(C)[O-]~[Na+]
CCCCO[Na],CCCC[O-]~[Na+]
[Na]I,[I]~[Na]
[Na]I,[I-]~[Na+]
O~[Na]Cl,O~[Cl-]~[Na+]
[N-]=[N+]=N[Na],[N-]=[N+]=[N-]~[Na+]
O=NO[Na],O=N[O-]~[Na+]
[Na]Cl,[Cl-]~[Na+]
O[Na],[Na+]~[OH-]
C[Si](C)(C)N([Na])[Si](C)(C)C,CN([Si-](C)C)[Si](C)(C)C~[Na+]
C[Si](C)(C)N([Na])[Si](C)(C)C,C[Si](C)(C)[N-][Si](C)(C)C~[Na+]
C[Si](C)(C)C#N,[C-]#[N+][Si](C)(C)C
O=[Si]=O,[O-2]~[O-2]~[Si+4]
O=[Si]=O,[O][Si][O]
CS(C)=O,C[S+](C)[O-]
CS(C)=O,[2H]C([2H])([2H])S(=O)C([2H])([2H])[2H]
CS(C)=O,[2H]C([2H])([2H])[S]([O])C([2H])([2H])[2H]
O=S(=O)(O)O,[2H]OS(=O)(=O)O[2H]
O=S(Cl)Cl,ClOSCl
O=S(Cl)Cl,[O][S](Cl)Cl
CS(=O)(=O)Cl,[2H]C([2H])([2H])S(=O)(=O)Cl
O=S(=O)(O[Na])O[Na],O=S(=O)([O-])[O-]~[Na+]~[Na+]
CS(=O)(=O)O,CO[SH](=O)=O
O=S1(=O)O[Mg]O1,O=S(=O)([O-])[O-]~[Mg+2]
COS(=O)(=O)OC,[2H]C([2H])([2H])OS(=O)(=O)OC([2H])([2H])[2H]
N#C[S-]~[NH4+],[N-]=C=S~[NH4+]
NC(N)=S,[NH-]C(N)=[SH+]
OCCS,CC(O)S
OCCS,CSCO
NC(N)=S,N=C(N)S
NC(N)=S,N=C(N)S
Cl,[ClH]
Br,[BrH]
O,O~O
